ProfileID,MeastID,TowPresentBits_Tow32toTow01,U-Sensor,U-TowChangeProgramed,t01d,t01i,t01us,t01xc,t02d,t02i,t02us,t02xc,t03d,t03i,t03us,t03xc,t04d,t04i,t04us,t04xc,t05d,t05i,t05us,t05xc,t06d,t06i,t06us,t06xc,t07d,t07i,t07us,t07xc,t08d,t08i,t08us,t08xc,t09d,t09i,t09us,t09xc,t10d,t10i,t10us,t10xc,t11d,t11i,t11us,t11xc,t12d,t12i,t12us,t12xc,t13d,t13i,t13us,t13xc,t14d,t14i,t14us,t14xc,t15d,t15i,t15us,t15xc,t16d,t16i,t16us,t16xc,t17d,t17i,t17us,t17xc,t18d,t18i,t18us,t18xc,t19d,t19i,t19us,t19xc,t20d,t20i,t20us,t20xc,t21d,t21i,t21us,t21xc,t22d,t22i,t22us,t22xc,t23d,t23i,t23us,t23xc,t24d,t24i,t24us,t24xc,t25d,t25i,t25us,t25xc,t26d,t26i,t26us,t26xc,t27d,t27i,t27us,t27xc,t28d,t28i,t28us,t28xc,t29d,t29i,t29us,t29xc,t30d,t30i,t30us,t30xc,t31d,t31i,t31us,t31xc,t32d,t32i,t32us,t32xc
283718,63,00000000111111111111111100000000,0.036,0.0,0,NaN,NaN,NaN,0,NaN,NaN,NaN,0,NaN,NaN,NaN,0,NaN,NaN,NaN,0,NaN,NaN,NaN,0,NaN,NaN,NaN,0,NaN,NaN,NaN,0,NaN,NaN,NaN,1,69.9253731343,0.409194029851,-22.905335,1,69.6688741722,0.396112582781,-19.740775,1,69.9090909091,0.408363636364,-16.576215,1,69.2115384615,0.372788461538,-13.411655,1,69.008,0.362408,-10.247095,1,69.8358208955,0.404626865672,-7.082535,1,69.8440366972,0.40504587156,-3.917975,1,69.4161490683,0.383223602484,-0.753415,1,68.7150837989,0.347469273743,2.411145,1,68.7909090909,0.351336363636,5.575705,1,69.0,0.362,8.740265,1,68.9761904762,0.360785714286,11.904825,1,67.4897959184,0.286,15.069385,1,68.0,0.311,18.233945,1,67.7012987013,0.296363636364,21.398505,1,67.5931372549,0.29106372549,24.563065,0,NaN,NaN,NaN,0,NaN,NaN,NaN,0,NaN,NaN,NaN,0,NaN,NaN,NaN,0,NaN,NaN,NaN,0,NaN,NaN,NaN,0,NaN,NaN,NaN,0,NaN,NaN,NaN
283800,145,00000000000000000000000000000000,5.053,5.0,0,NaN,NaN,NaN,0,NaN,NaN,NaN,0,NaN,NaN,NaN,0,NaN,NaN,NaN,0,NaN,NaN,NaN,0,NaN,NaN,NaN,0,NaN,NaN,NaN,0,NaN,NaN,NaN,-1,149.353448276,5.39426724138,-22.905335,-1,150.02,5.43628,-19.740775,-1,150.341836735,5.45687755102,-16.576215,-1,150.14213198,5.4440964467,-13.411655,-1,149.292682927,5.39043902439,-10.247095,-1,149.2,5.3846,-7.082535,-1,148.572992701,5.34467153285,-3.917975,-1,148.153846154,5.31784615385,-0.753415,-1,146.697115385,5.22491826923,2.411145,-1,145.378947368,5.14125263158,5.575705,-1,146.183168317,5.19253960396,8.740265,-1,148.298245614,5.3270877193,11.904825,-1,145.772277228,5.16642574257,15.069385,-1,145.962264151,5.17858490566,18.233945,-1,147.456647399,5.27322543353,21.398505,-1,145.888888889,5.17388888889,24.563065,0,NaN,NaN,NaN,0,NaN,NaN,NaN,0,NaN,NaN,NaN,0,NaN,NaN,NaN,0,NaN,NaN,NaN,0,NaN,NaN,NaN,0,NaN,NaN,NaN,0,NaN,NaN,NaN
283831,176,00000000111111111111111100000000,7.025,7.0,0,NaN,NaN,NaN,0,NaN,NaN,NaN,0,NaN,NaN,NaN,0,NaN,NaN,NaN,0,NaN,NaN,NaN,0,NaN,NaN,NaN,0,NaN,NaN,NaN,0,NaN,NaN,NaN,1,176.182572614,7.1006846473,-22.905335,1,178.448275862,7.24468965517,-19.740775,1,178.417582418,7.24272527473,-16.576215,1,181.180851064,7.41857446809,-13.411655,1,180.772277228,7.39265346535,-10.247095,1,181.243421053,7.42257894737,-7.082535,1,180.947368421,7.40368421053,-3.917975,1,181.555555556,7.44255555556,-0.753415,1,181.659090909,7.44918181818,2.411145,1,180.202453988,7.35675460123,5.575705,1,180.107142857,7.35075,8.740265,1,181.885714286,7.46368571429,11.904825,1,181.348314607,7.42929213483,15.069385,1,180.786764706,7.39356617647,18.233945,1,181.722772277,7.45325742574,21.398505,1,178.754098361,7.26426229508,24.563065,0,NaN,NaN,NaN,0,NaN,NaN,NaN,0,NaN,NaN,NaN,0,NaN,NaN,NaN,0,NaN,NaN,NaN,0,NaN,NaN,NaN,0,NaN,NaN,NaN,0,NaN,NaN,NaN
283910,255,00000000000000000000000000000000,12.053,12.0,0,NaN,NaN,NaN,0,NaN,NaN,NaN,0,NaN,NaN,NaN,0,NaN,NaN,NaN,0,NaN,NaN,NaN,0,NaN,NaN,NaN,0,NaN,NaN,NaN,0,NaN,NaN,NaN,-1,260.968085106,12.4969574468,-22.905335,-1,260.702247191,12.4799438202,-19.740775,-1,261.041916168,12.5016407186,-16.576215,-1,260.52173913,12.4683913043,-13.411655,-1,261.0,12.499,-10.247095,-1,261.0,12.499,-7.082535,-1,261.0,12.499,-3.917975,-1,261.0,12.499,-0.753415,-1,258.98136646,12.369826087,2.411145,-1,261.0,12.499,5.575705,-1,261.0,12.499,8.740265,-1,261.0,12.499,11.904825,-1,260.673684211,12.4781157895,15.069385,-1,260.855932203,12.489779661,18.233945,-1,260.402173913,12.4607391304,21.398505,-1,259.407407407,12.3970740741,24.563065,0,NaN,NaN,NaN,0,NaN,NaN,NaN,0,NaN,NaN,NaN,0,NaN,NaN,NaN,0,NaN,NaN,NaN,0,NaN,NaN,NaN,0,NaN,NaN,NaN,0,NaN,NaN,NaN
283941,286,00000000111111111111111100000000,14.025,14.0,0,NaN,NaN,NaN,0,NaN,NaN,NaN,0,NaN,NaN,NaN,0,NaN,NaN,NaN,0,NaN,NaN,NaN,0,NaN,NaN,NaN,0,NaN,NaN,NaN,0,NaN,NaN,NaN,1,289.25748503,14.2962215569,-22.905335,1,292.024390244,14.4715609756,-19.740775,1,291.826388889,14.4590625,-16.576215,1,290.290540541,14.3615945946,-13.411655,1,291.85,14.46055,-10.247095,1,290.388059701,14.3678358209,-7.082535,1,290.976878613,14.4055202312,-3.917975,1,291.089820359,14.4126586826,-0.753415,1,290.306930693,14.3626435644,2.411145,1,289.985221675,14.3420689655,5.575705,1,289.684210526,14.3231052632,8.740265,1,290.588607595,14.3806708861,11.904825,1,290.754285714,14.3912742857,15.069385,1,290.507853403,14.3755026178,18.233945,1,290.630434783,14.3833478261,21.398505,1,290.988571429,14.4062685714,24.563065,0,NaN,NaN,NaN,0,NaN,NaN,NaN,0,NaN,NaN,NaN,0,NaN,NaN,NaN,0,NaN,NaN,NaN,0,NaN,NaN,NaN,0,NaN,NaN,NaN,0,NaN,NaN,NaN
284021,366,00000000111111111111111000000000,19.116,19.059,0,NaN,NaN,NaN,0,NaN,NaN,NaN,0,NaN,NaN,NaN,0,NaN,NaN,NaN,0,NaN,NaN,NaN,0,NaN,NaN,NaN,0,NaN,NaN,NaN,0,NaN,NaN,NaN,-1,370.293838863,19.4518056872,-22.905335,0,NaN,NaN,NaN,0,NaN,NaN,NaN,0,NaN,NaN,NaN,0,NaN,NaN,NaN,0,NaN,NaN,NaN,0,NaN,NaN,NaN,0,NaN,NaN,NaN,0,NaN,NaN,NaN,0,NaN,NaN,NaN,0,NaN,NaN,NaN,0,NaN,NaN,NaN,0,NaN,NaN,NaN,0,NaN,NaN,NaN,0,NaN,NaN,NaN,0,NaN,NaN,NaN,0,NaN,NaN,NaN,0,NaN,NaN,NaN,0,NaN,NaN,NaN,0,NaN,NaN,NaN,0,NaN,NaN,NaN,0,NaN,NaN,NaN,0,NaN,NaN,NaN,0,NaN,NaN,NaN
284023,368,00000000111111111111110000000000,19.242,19.184,0,NaN,NaN,NaN,0,NaN,NaN,NaN,0,NaN,NaN,NaN,0,NaN,NaN,NaN,0,NaN,NaN,NaN,0,NaN,NaN,NaN,0,NaN,NaN,NaN,0,NaN,NaN,NaN,0,NaN,NaN,NaN,-1,374.815533981,19.7403786408,-19.740775,0,NaN,NaN,NaN,0,NaN,NaN,NaN,0,NaN,NaN,NaN,0,NaN,NaN,NaN,0,NaN,NaN,NaN,0,NaN,NaN,NaN,0,NaN,NaN,NaN,0,NaN,NaN,NaN,0,NaN,NaN,NaN,0,NaN,NaN,NaN,0,NaN,NaN,NaN,0,NaN,NaN,NaN,0,NaN,NaN,NaN,0,NaN,NaN,NaN,0,NaN,NaN,NaN,0,NaN,NaN,NaN,0,NaN,NaN,NaN,0,NaN,NaN,NaN,0,NaN,NaN,NaN,0,NaN,NaN,NaN,0,NaN,NaN,NaN,0,NaN,NaN,NaN
284025,370,00000000111111111111100000000000,19.37,19.309,0,NaN,NaN,NaN,0,NaN,NaN,NaN,0,NaN,NaN,NaN,0,NaN,NaN,NaN,0,NaN,NaN,NaN,0,NaN,NaN,NaN,0,NaN,NaN,NaN,0,NaN,NaN,NaN,0,NaN,NaN,NaN,0,NaN,NaN,NaN,-1,376.355828221,19.8387730061,-16.576215,0,NaN,NaN,NaN,0,NaN,NaN,NaN,0,NaN,NaN,NaN,0,NaN,NaN,NaN,0,NaN,NaN,NaN,0,NaN,NaN,NaN,0,NaN,NaN,NaN,0,NaN,NaN,NaN,0,NaN,NaN,NaN,0,NaN,NaN,NaN,0,NaN,NaN,NaN,0,NaN,NaN,NaN,0,NaN,NaN,NaN,0,NaN,NaN,NaN,0,NaN,NaN,NaN,0,NaN,NaN,NaN,0,NaN,NaN,NaN,0,NaN,NaN,NaN,0,NaN,NaN,NaN,0,NaN,NaN,NaN,0,NaN,NaN,NaN
284027,372,00000000111111111111000000000000,19.497,19.438,0,NaN,NaN,NaN,0,NaN,NaN,NaN,0,NaN,NaN,NaN,0,NaN,NaN,NaN,0,NaN,NaN,NaN,0,NaN,NaN,NaN,0,NaN,NaN,NaN,0,NaN,NaN,NaN,0,NaN,NaN,NaN,0,NaN,NaN,NaN,0,NaN,NaN,NaN,-1,377.672955975,19.9223962264,-13.411655,0,NaN,NaN,NaN,0,NaN,NaN,NaN,0,NaN,NaN,NaN,0,NaN,NaN,NaN,0,NaN,NaN,NaN,0,NaN,NaN,NaN,0,NaN,NaN,NaN,0,NaN,NaN,NaN,0,NaN,NaN,NaN,0,NaN,NaN,NaN,0,NaN,NaN,NaN,0,NaN,NaN,NaN,0,NaN,NaN,NaN,0,NaN,NaN,NaN,0,NaN,NaN,NaN,0,NaN,NaN,NaN,0,NaN,NaN,NaN,0,NaN,NaN,NaN,0,NaN,NaN,NaN,0,NaN,NaN,NaN
284028,373,00000000111111111110000000000000,19.561,19.559,0,NaN,NaN,NaN,0,NaN,NaN,NaN,0,NaN,NaN,NaN,0,NaN,NaN,NaN,0,NaN,NaN,NaN,0,NaN,NaN,NaN,0,NaN,NaN,NaN,0,NaN,NaN,NaN,0,NaN,NaN,NaN,0,NaN,NaN,NaN,0,NaN,NaN,NaN,0,NaN,NaN,NaN,-1,378.682352941,19.9866705882,-10.247095,0,NaN,NaN,NaN,0,NaN,NaN,NaN,0,NaN,NaN,NaN,0,NaN,NaN,NaN,0,NaN,NaN,NaN,0,NaN,NaN,NaN,0,NaN,NaN,NaN,0,NaN,NaN,NaN,0,NaN,NaN,NaN,0,NaN,NaN,NaN,0,NaN,NaN,NaN,0,NaN,NaN,NaN,0,NaN,NaN,NaN,0,NaN,NaN,NaN,0,NaN,NaN,NaN,0,NaN,NaN,NaN,0,NaN,NaN,NaN,0,NaN,NaN,NaN,0,NaN,NaN,NaN
284030,375,00000000111111111100000000000000,19.689,19.685,0,NaN,NaN,NaN,0,NaN,NaN,NaN,0,NaN,NaN,NaN,0,NaN,NaN,NaN,0,NaN,NaN,NaN,0,NaN,NaN,NaN,0,NaN,NaN,NaN,0,NaN,NaN,NaN,0,NaN,NaN,NaN,0,NaN,NaN,NaN,0,NaN,NaN,NaN,0,NaN,NaN,NaN,0,NaN,NaN,NaN,-1,381.709677419,20.1794193548,-7.082535,0,NaN,NaN,NaN,0,NaN,NaN,NaN,0,NaN,NaN,NaN,0,NaN,NaN,NaN,0,NaN,NaN,NaN,0,NaN,NaN,NaN,0,NaN,NaN,NaN,0,NaN,NaN,NaN,0,NaN,NaN,NaN,0,NaN,NaN,NaN,0,NaN,NaN,NaN,0,NaN,NaN,NaN,0,NaN,NaN,NaN,0,NaN,NaN,NaN,0,NaN,NaN,NaN,0,NaN,NaN,NaN,0,NaN,NaN,NaN,0,NaN,NaN,NaN
284032,377,00000000111111111000000000000000,19.816,19.81,0,NaN,NaN,NaN,0,NaN,NaN,NaN,0,NaN,NaN,NaN,0,NaN,NaN,NaN,0,NaN,NaN,NaN,0,NaN,NaN,NaN,0,NaN,NaN,NaN,0,NaN,NaN,NaN,0,NaN,NaN,NaN,0,NaN,NaN,NaN,0,NaN,NaN,NaN,0,NaN,NaN,NaN,0,NaN,NaN,NaN,0,NaN,NaN,NaN,-1,382.753246753,20.2454545455,-3.917975,0,NaN,NaN,NaN,0,NaN,NaN,NaN,0,NaN,NaN,NaN,0,NaN,NaN,NaN,0,NaN,NaN,NaN,0,NaN,NaN,NaN,0,NaN,NaN,NaN,0,NaN,NaN,NaN,0,NaN,NaN,NaN,0,NaN,NaN,NaN,0,NaN,NaN,NaN,0,NaN,NaN,NaN,0,NaN,NaN,NaN,0,NaN,NaN,NaN,0,NaN,NaN,NaN,0,NaN,NaN,NaN,0,NaN,NaN,NaN
284034,379,00000000111111110000000000000000,19.943,19.935,0,NaN,NaN,NaN,0,NaN,NaN,NaN,0,NaN,NaN,NaN,0,NaN,NaN,NaN,0,NaN,NaN,NaN,0,NaN,NaN,NaN,0,NaN,NaN,NaN,0,NaN,NaN,NaN,0,NaN,NaN,NaN,0,NaN,NaN,NaN,0,NaN,NaN,NaN,0,NaN,NaN,NaN,0,NaN,NaN,NaN,0,NaN,NaN,NaN,0,NaN,NaN,NaN,-1,385.903448276,20.4459172414,-0.753415,0,NaN,NaN,NaN,0,NaN,NaN,NaN,0,NaN,NaN,NaN,0,NaN,NaN,NaN,0,NaN,NaN,NaN,0,NaN,NaN,NaN,0,NaN,NaN,NaN,0,NaN,NaN,NaN,0,NaN,NaN,NaN,0,NaN,NaN,NaN,0,NaN,NaN,NaN,0,NaN,NaN,NaN,0,NaN,NaN,NaN,0,NaN,NaN,NaN,0,NaN,NaN,NaN,0,NaN,NaN,NaN
284036,381,00000000111111100000000000000000,20.07,20.06,0,NaN,NaN,NaN,0,NaN,NaN,NaN,0,NaN,NaN,NaN,0,NaN,NaN,NaN,0,NaN,NaN,NaN,0,NaN,NaN,NaN,0,NaN,NaN,NaN,0,NaN,NaN,NaN,0,NaN,NaN,NaN,0,NaN,NaN,NaN,0,NaN,NaN,NaN,0,NaN,NaN,NaN,0,NaN,NaN,NaN,0,NaN,NaN,NaN,0,NaN,NaN,NaN,0,NaN,NaN,NaN,-1,387.070866142,20.5205354331,2.411145,0,NaN,NaN,NaN,0,NaN,NaN,NaN,0,NaN,NaN,NaN,0,NaN,NaN,NaN,0,NaN,NaN,NaN,0,NaN,NaN,NaN,0,NaN,NaN,NaN,0,NaN,NaN,NaN,0,NaN,NaN,NaN,0,NaN,NaN,NaN,0,NaN,NaN,NaN,0,NaN,NaN,NaN,0,NaN,NaN,NaN,0,NaN,NaN,NaN,0,NaN,NaN,NaN
284038,383,00000000111111000000000000000000,20.198,20.185,0,NaN,NaN,NaN,0,NaN,NaN,NaN,0,NaN,NaN,NaN,0,NaN,NaN,NaN,0,NaN,NaN,NaN,0,NaN,NaN,NaN,0,NaN,NaN,NaN,0,NaN,NaN,NaN,0,NaN,NaN,NaN,0,NaN,NaN,NaN,0,NaN,NaN,NaN,0,NaN,NaN,NaN,0,NaN,NaN,NaN,0,NaN,NaN,NaN,0,NaN,NaN,NaN,0,NaN,NaN,NaN,0,NaN,NaN,NaN,-1,389.383647799,20.6675534591,5.575705,0,NaN,NaN,NaN,0,NaN,NaN,NaN,0,NaN,NaN,NaN,0,NaN,NaN,NaN,0,NaN,NaN,NaN,0,NaN,NaN,NaN,0,NaN,NaN,NaN,0,NaN,NaN,NaN,0,NaN,NaN,NaN,0,NaN,NaN,NaN,0,NaN,NaN,NaN,0,NaN,NaN,NaN,0,NaN,NaN,NaN,0,NaN,NaN,NaN
284040,385,00000000111110000000000000000000,20.325,20.31,0,NaN,NaN,NaN,0,NaN,NaN,NaN,0,NaN,NaN,NaN,0,NaN,NaN,NaN,0,NaN,NaN,NaN,0,NaN,NaN,NaN,0,NaN,NaN,NaN,0,NaN,NaN,NaN,0,NaN,NaN,NaN,0,NaN,NaN,NaN,0,NaN,NaN,NaN,0,NaN,NaN,NaN,0,NaN,NaN,NaN,0,NaN,NaN,NaN,0,NaN,NaN,NaN,0,NaN,NaN,NaN,0,NaN,NaN,NaN,0,NaN,NaN,NaN,-1,391.4,20.7962,8.740265,0,NaN,NaN,NaN,0,NaN,NaN,NaN,0,NaN,NaN,NaN,0,NaN,NaN,NaN,0,NaN,NaN,NaN,0,NaN,NaN,NaN,0,NaN,NaN,NaN,0,NaN,NaN,NaN,0,NaN,NaN,NaN,0,NaN,NaN,NaN,0,NaN,NaN,NaN,0,NaN,NaN,NaN,0,NaN,NaN,NaN
284042,387,00000000111100000000000000000000,20.452,20.435,0,NaN,NaN,NaN,0,NaN,NaN,NaN,0,NaN,NaN,NaN,0,NaN,NaN,NaN,0,NaN,NaN,NaN,0,NaN,NaN,NaN,0,NaN,NaN,NaN,0,NaN,NaN,NaN,0,NaN,NaN,NaN,0,NaN,NaN,NaN,0,NaN,NaN,NaN,0,NaN,NaN,NaN,0,NaN,NaN,NaN,0,NaN,NaN,NaN,0,NaN,NaN,NaN,0,NaN,NaN,NaN,0,NaN,NaN,NaN,0,NaN,NaN,NaN,0,NaN,NaN,NaN,-1,393.654320988,20.9392222222,11.904825,0,NaN,NaN,NaN,0,NaN,NaN,NaN,0,NaN,NaN,NaN,0,NaN,NaN,NaN,0,NaN,NaN,NaN,0,NaN,NaN,NaN,0,NaN,NaN,NaN,0,NaN,NaN,NaN,0,NaN,NaN,NaN,0,NaN,NaN,NaN,0,NaN,NaN,NaN,0,NaN,NaN,NaN
284044,389,00000000111000000000000000000000,20.58,20.56,0,NaN,NaN,NaN,0,NaN,NaN,NaN,0,NaN,NaN,NaN,0,NaN,NaN,NaN,0,NaN,NaN,NaN,0,NaN,NaN,NaN,0,NaN,NaN,NaN,0,NaN,NaN,NaN,0,NaN,NaN,NaN,0,NaN,NaN,NaN,0,NaN,NaN,NaN,0,NaN,NaN,NaN,0,NaN,NaN,NaN,0,NaN,NaN,NaN,0,NaN,NaN,NaN,0,NaN,NaN,NaN,0,NaN,NaN,NaN,0,NaN,NaN,NaN,0,NaN,NaN,NaN,0,NaN,NaN,NaN,-1,395.745762712,21.0719830508,15.069385,0,NaN,NaN,NaN,0,NaN,NaN,NaN,0,NaN,NaN,NaN,0,NaN,NaN,NaN,0,NaN,NaN,NaN,0,NaN,NaN,NaN,0,NaN,NaN,NaN,0,NaN,NaN,NaN,0,NaN,NaN,NaN,0,NaN,NaN,NaN,0,NaN,NaN,NaN
284046,391,00000000110000000000000000000000,20.707,20.685,0,NaN,NaN,NaN,0,NaN,NaN,NaN,0,NaN,NaN,NaN,0,NaN,NaN,NaN,0,NaN,NaN,NaN,0,NaN,NaN,NaN,0,NaN,NaN,NaN,0,NaN,NaN,NaN,0,NaN,NaN,NaN,0,NaN,NaN,NaN,0,NaN,NaN,NaN,0,NaN,NaN,NaN,0,NaN,NaN,NaN,0,NaN,NaN,NaN,0,NaN,NaN,NaN,0,NaN,NaN,NaN,0,NaN,NaN,NaN,0,NaN,NaN,NaN,0,NaN,NaN,NaN,0,NaN,NaN,NaN,0,NaN,NaN,NaN,-1,397.392156863,21.1767058824,18.233945,0,NaN,NaN,NaN,0,NaN,NaN,NaN,0,NaN,NaN,NaN,0,NaN,NaN,NaN,0,NaN,NaN,NaN,0,NaN,NaN,NaN,0,NaN,NaN,NaN,0,NaN,NaN,NaN,0,NaN,NaN,NaN,0,NaN,NaN,NaN
284048,393,00000000100000000000000000000000,20.834,20.81,0,NaN,NaN,NaN,0,NaN,NaN,NaN,0,NaN,NaN,NaN,0,NaN,NaN,NaN,0,NaN,NaN,NaN,0,NaN,NaN,NaN,0,NaN,NaN,NaN,0,NaN,NaN,NaN,0,NaN,NaN,NaN,0,NaN,NaN,NaN,0,NaN,NaN,NaN,0,NaN,NaN,NaN,0,NaN,NaN,NaN,0,NaN,NaN,NaN,0,NaN,NaN,NaN,0,NaN,NaN,NaN,0,NaN,NaN,NaN,0,NaN,NaN,NaN,0,NaN,NaN,NaN,0,NaN,NaN,NaN,0,NaN,NaN,NaN,0,NaN,NaN,NaN,-1,399.969230769,21.3400615385,21.398505,0,NaN,NaN,NaN,0,NaN,NaN,NaN,0,NaN,NaN,NaN,0,NaN,NaN,NaN,0,NaN,NaN,NaN,0,NaN,NaN,NaN,0,NaN,NaN,NaN,0,NaN,NaN,NaN,0,NaN,NaN,NaN
284050,395,00000000000000000000000000000000,20.961,20.935,0,NaN,NaN,NaN,0,NaN,NaN,NaN,0,NaN,NaN,NaN,0,NaN,NaN,NaN,0,NaN,NaN,NaN,0,NaN,NaN,NaN,0,NaN,NaN,NaN,0,NaN,NaN,NaN,0,NaN,NaN,NaN,0,NaN,NaN,NaN,0,NaN,NaN,NaN,0,NaN,NaN,NaN,0,NaN,NaN,NaN,0,NaN,NaN,NaN,0,NaN,NaN,NaN,0,NaN,NaN,NaN,0,NaN,NaN,NaN,0,NaN,NaN,NaN,0,NaN,NaN,NaN,0,NaN,NaN,NaN,0,NaN,NaN,NaN,0,NaN,NaN,NaN,0,NaN,NaN,NaN,-1,399.662251656,21.3207218543,24.563065,0,NaN,NaN,NaN,0,NaN,NaN,NaN,0,NaN,NaN,NaN,0,NaN,NaN,NaN,0,NaN,NaN,NaN,0,NaN,NaN,NaN,0,NaN,NaN,NaN,0,NaN,NaN,NaN
284083,428,00000000000000000000000100000000,23.061,23.06,0,NaN,NaN,NaN,0,NaN,NaN,NaN,0,NaN,NaN,NaN,0,NaN,NaN,NaN,0,NaN,NaN,NaN,0,NaN,NaN,NaN,0,NaN,NaN,NaN,0,NaN,NaN,NaN,1,433.282511211,23.4605156951,-22.905335,0,NaN,NaN,NaN,0,NaN,NaN,NaN,0,NaN,NaN,NaN,0,NaN,NaN,NaN,0,NaN,NaN,NaN,0,NaN,NaN,NaN,0,NaN,NaN,NaN,0,NaN,NaN,NaN,0,NaN,NaN,NaN,0,NaN,NaN,NaN,0,NaN,NaN,NaN,0,NaN,NaN,NaN,0,NaN,NaN,NaN,0,NaN,NaN,NaN,0,NaN,NaN,NaN,0,NaN,NaN,NaN,0,NaN,NaN,NaN,0,NaN,NaN,NaN,0,NaN,NaN,NaN,0,NaN,NaN,NaN,0,NaN,NaN,NaN,0,NaN,NaN,NaN,0,NaN,NaN,NaN
284085,430,00000000000000000000001100000000,23.189,23.185,0,NaN,NaN,NaN,0,NaN,NaN,NaN,0,NaN,NaN,NaN,0,NaN,NaN,NaN,0,NaN,NaN,NaN,0,NaN,NaN,NaN,0,NaN,NaN,NaN,0,NaN,NaN,NaN,0,NaN,NaN,NaN,1,435.717241379,23.6151862069,-19.740775,0,NaN,NaN,NaN,0,NaN,NaN,NaN,0,NaN,NaN,NaN,0,NaN,NaN,NaN,0,NaN,NaN,NaN,0,NaN,NaN,NaN,0,NaN,NaN,NaN,0,NaN,NaN,NaN,0,NaN,NaN,NaN,0,NaN,NaN,NaN,0,NaN,NaN,NaN,0,NaN,NaN,NaN,0,NaN,NaN,NaN,0,NaN,NaN,NaN,0,NaN,NaN,NaN,0,NaN,NaN,NaN,0,NaN,NaN,NaN,0,NaN,NaN,NaN,0,NaN,NaN,NaN,0,NaN,NaN,NaN,0,NaN,NaN,NaN,0,NaN,NaN,NaN
284087,432,00000000000000000000011100000000,23.315,23.31,0,NaN,NaN,NaN,0,NaN,NaN,NaN,0,NaN,NaN,NaN,0,NaN,NaN,NaN,0,NaN,NaN,NaN,0,NaN,NaN,NaN,0,NaN,NaN,NaN,0,NaN,NaN,NaN,0,NaN,NaN,NaN,0,NaN,NaN,NaN,1,436.295597484,23.651918239,-16.576215,0,NaN,NaN,NaN,0,NaN,NaN,NaN,0,NaN,NaN,NaN,0,NaN,NaN,NaN,0,NaN,NaN,NaN,0,NaN,NaN,NaN,0,NaN,NaN,NaN,0,NaN,NaN,NaN,0,NaN,NaN,NaN,0,NaN,NaN,NaN,0,NaN,NaN,NaN,0,NaN,NaN,NaN,0,NaN,NaN,NaN,0,NaN,NaN,NaN,0,NaN,NaN,NaN,0,NaN,NaN,NaN,0,NaN,NaN,NaN,0,NaN,NaN,NaN,0,NaN,NaN,NaN,0,NaN,NaN,NaN,0,NaN,NaN,NaN
284089,434,00000000000000000000111100000000,23.443,23.435,0,NaN,NaN,NaN,0,NaN,NaN,NaN,0,NaN,NaN,NaN,0,NaN,NaN,NaN,0,NaN,NaN,NaN,0,NaN,NaN,NaN,0,NaN,NaN,NaN,0,NaN,NaN,NaN,0,NaN,NaN,NaN,0,NaN,NaN,NaN,0,NaN,NaN,NaN,1,439.96350365,23.8847007299,-13.411655,0,NaN,NaN,NaN,0,NaN,NaN,NaN,0,NaN,NaN,NaN,0,NaN,NaN,NaN,0,NaN,NaN,NaN,0,NaN,NaN,NaN,0,NaN,NaN,NaN,0,NaN,NaN,NaN,0,NaN,NaN,NaN,0,NaN,NaN,NaN,0,NaN,NaN,NaN,0,NaN,NaN,NaN,0,NaN,NaN,NaN,0,NaN,NaN,NaN,0,NaN,NaN,NaN,0,NaN,NaN,NaN,0,NaN,NaN,NaN,0,NaN,NaN,NaN,0,NaN,NaN,NaN,0,NaN,NaN,NaN
284091,436,00000000000000000001111100000000,23.57,23.56,0,NaN,NaN,NaN,0,NaN,NaN,NaN,0,NaN,NaN,NaN,0,NaN,NaN,NaN,0,NaN,NaN,NaN,0,NaN,NaN,NaN,0,NaN,NaN,NaN,0,NaN,NaN,NaN,0,NaN,NaN,NaN,0,NaN,NaN,NaN,0,NaN,NaN,NaN,0,NaN,NaN,NaN,1,440.085561497,23.8924759358,-10.247095,0,NaN,NaN,NaN,0,NaN,NaN,NaN,0,NaN,NaN,NaN,0,NaN,NaN,NaN,0,NaN,NaN,NaN,0,NaN,NaN,NaN,0,NaN,NaN,NaN,0,NaN,NaN,NaN,0,NaN,NaN,NaN,0,NaN,NaN,NaN,0,NaN,NaN,NaN,0,NaN,NaN,NaN,0,NaN,NaN,NaN,0,NaN,NaN,NaN,0,NaN,NaN,NaN,0,NaN,NaN,NaN,0,NaN,NaN,NaN,0,NaN,NaN,NaN,0,NaN,NaN,NaN
284093,438,00000000000000000011111100000000,23.697,23.685,0,NaN,NaN,NaN,0,NaN,NaN,NaN,0,NaN,NaN,NaN,0,NaN,NaN,NaN,0,NaN,NaN,NaN,0,NaN,NaN,NaN,0,NaN,NaN,NaN,0,NaN,NaN,NaN,0,NaN,NaN,NaN,0,NaN,NaN,NaN,0,NaN,NaN,NaN,0,NaN,NaN,NaN,0,NaN,NaN,NaN,1,442.509803922,24.047627451,-7.082535,0,NaN,NaN,NaN,0,NaN,NaN,NaN,0,NaN,NaN,NaN,0,NaN,NaN,NaN,0,NaN,NaN,NaN,0,NaN,NaN,NaN,0,NaN,NaN,NaN,0,NaN,NaN,NaN,0,NaN,NaN,NaN,0,NaN,NaN,NaN,0,NaN,NaN,NaN,0,NaN,NaN,NaN,0,NaN,NaN,NaN,0,NaN,NaN,NaN,0,NaN,NaN,NaN,0,NaN,NaN,NaN,0,NaN,NaN,NaN,0,NaN,NaN,NaN
284095,440,00000000000000000111111100000000,23.824,23.81,0,NaN,NaN,NaN,0,NaN,NaN,NaN,0,NaN,NaN,NaN,0,NaN,NaN,NaN,0,NaN,NaN,NaN,0,NaN,NaN,NaN,0,NaN,NaN,NaN,0,NaN,NaN,NaN,0,NaN,NaN,NaN,0,NaN,NaN,NaN,0,NaN,NaN,NaN,0,NaN,NaN,NaN,0,NaN,NaN,NaN,0,NaN,NaN,NaN,1,446.23030303,24.2837393939,-3.917975,0,NaN,NaN,NaN,0,NaN,NaN,NaN,0,NaN,NaN,NaN,0,NaN,NaN,NaN,0,NaN,NaN,NaN,0,NaN,NaN,NaN,0,NaN,NaN,NaN,0,NaN,NaN,NaN,0,NaN,NaN,NaN,0,NaN,NaN,NaN,0,NaN,NaN,NaN,0,NaN,NaN,NaN,0,NaN,NaN,NaN,0,NaN,NaN,NaN,0,NaN,NaN,NaN,0,NaN,NaN,NaN,0,NaN,NaN,NaN
284097,442,00000000000000001111111100000000,23.951,23.935,0,NaN,NaN,NaN,0,NaN,NaN,NaN,0,NaN,NaN,NaN,0,NaN,NaN,NaN,0,NaN,NaN,NaN,0,NaN,NaN,NaN,0,NaN,NaN,NaN,0,NaN,NaN,NaN,0,NaN,NaN,NaN,0,NaN,NaN,NaN,0,NaN,NaN,NaN,0,NaN,NaN,NaN,0,NaN,NaN,NaN,0,NaN,NaN,NaN,0,NaN,NaN,NaN,1,448.64516129,24.4376451613,-0.753415,0,NaN,NaN,NaN,0,NaN,NaN,NaN,0,NaN,NaN,NaN,0,NaN,NaN,NaN,0,NaN,NaN,NaN,0,NaN,NaN,NaN,0,NaN,NaN,NaN,0,NaN,NaN,NaN,0,NaN,NaN,NaN,0,NaN,NaN,NaN,0,NaN,NaN,NaN,0,NaN,NaN,NaN,0,NaN,NaN,NaN,0,NaN,NaN,NaN,0,NaN,NaN,NaN,0,NaN,NaN,NaN
284099,444,00000000000000011111111100000000,24.079,24.06,0,NaN,NaN,NaN,0,NaN,NaN,NaN,0,NaN,NaN,NaN,0,NaN,NaN,NaN,0,NaN,NaN,NaN,0,NaN,NaN,NaN,0,NaN,NaN,NaN,0,NaN,NaN,NaN,0,NaN,NaN,NaN,0,NaN,NaN,NaN,0,NaN,NaN,NaN,0,NaN,NaN,NaN,0,NaN,NaN,NaN,0,NaN,NaN,NaN,0,NaN,NaN,NaN,0,NaN,NaN,NaN,1,449.72972973,24.5067027027,2.411145,0,NaN,NaN,NaN,0,NaN,NaN,NaN,0,NaN,NaN,NaN,0,NaN,NaN,NaN,0,NaN,NaN,NaN,0,NaN,NaN,NaN,0,NaN,NaN,NaN,0,NaN,NaN,NaN,0,NaN,NaN,NaN,0,NaN,NaN,NaN,0,NaN,NaN,NaN,0,NaN,NaN,NaN,0,NaN,NaN,NaN,0,NaN,NaN,NaN,0,NaN,NaN,NaN
284101,446,00000000000000111111111100000000,24.206,24.185,0,NaN,NaN,NaN,0,NaN,NaN,NaN,0,NaN,NaN,NaN,0,NaN,NaN,NaN,0,NaN,NaN,NaN,0,NaN,NaN,NaN,0,NaN,NaN,NaN,0,NaN,NaN,NaN,0,NaN,NaN,NaN,0,NaN,NaN,NaN,0,NaN,NaN,NaN,0,NaN,NaN,NaN,0,NaN,NaN,NaN,0,NaN,NaN,NaN,0,NaN,NaN,NaN,0,NaN,NaN,NaN,0,NaN,NaN,NaN,1,451.844594595,24.6410540541,5.575705,0,NaN,NaN,NaN,0,NaN,NaN,NaN,0,NaN,NaN,NaN,0,NaN,NaN,NaN,0,NaN,NaN,NaN,0,NaN,NaN,NaN,0,NaN,NaN,NaN,0,NaN,NaN,NaN,0,NaN,NaN,NaN,0,NaN,NaN,NaN,0,NaN,NaN,NaN,0,NaN,NaN,NaN,0,NaN,NaN,NaN,0,NaN,NaN,NaN
284103,448,00000000000001111111111100000000,24.333,24.31,0,NaN,NaN,NaN,0,NaN,NaN,NaN,0,NaN,NaN,NaN,0,NaN,NaN,NaN,0,NaN,NaN,NaN,0,NaN,NaN,NaN,0,NaN,NaN,NaN,0,NaN,NaN,NaN,0,NaN,NaN,NaN,0,NaN,NaN,NaN,0,NaN,NaN,NaN,0,NaN,NaN,NaN,0,NaN,NaN,NaN,0,NaN,NaN,NaN,0,NaN,NaN,NaN,0,NaN,NaN,NaN,0,NaN,NaN,NaN,0,NaN,NaN,NaN,1,453.045977011,24.7169425287,8.740265,0,NaN,NaN,NaN,0,NaN,NaN,NaN,0,NaN,NaN,NaN,0,NaN,NaN,NaN,0,NaN,NaN,NaN,0,NaN,NaN,NaN,0,NaN,NaN,NaN,0,NaN,NaN,NaN,0,NaN,NaN,NaN,0,NaN,NaN,NaN,0,NaN,NaN,NaN,0,NaN,NaN,NaN,0,NaN,NaN,NaN
284105,450,00000000000011111111111100000000,24.46,24.435,0,NaN,NaN,NaN,0,NaN,NaN,NaN,0,NaN,NaN,NaN,0,NaN,NaN,NaN,0,NaN,NaN,NaN,0,NaN,NaN,NaN,0,NaN,NaN,NaN,0,NaN,NaN,NaN,0,NaN,NaN,NaN,0,NaN,NaN,NaN,0,NaN,NaN,NaN,0,NaN,NaN,NaN,0,NaN,NaN,NaN,0,NaN,NaN,NaN,0,NaN,NaN,NaN,0,NaN,NaN,NaN,0,NaN,NaN,NaN,0,NaN,NaN,NaN,0,NaN,NaN,NaN,1,454.252808989,24.7941797753,11.904825,0,NaN,NaN,NaN,0,NaN,NaN,NaN,0,NaN,NaN,NaN,0,NaN,NaN,NaN,0,NaN,NaN,NaN,0,NaN,NaN,NaN,0,NaN,NaN,NaN,0,NaN,NaN,NaN,0,NaN,NaN,NaN,0,NaN,NaN,NaN,0,NaN,NaN,NaN,0,NaN,NaN,NaN
284107,452,00000000000111111111111100000000,24.587,24.56,0,NaN,NaN,NaN,0,NaN,NaN,NaN,0,NaN,NaN,NaN,0,NaN,NaN,NaN,0,NaN,NaN,NaN,0,NaN,NaN,NaN,0,NaN,NaN,NaN,0,NaN,NaN,NaN,0,NaN,NaN,NaN,0,NaN,NaN,NaN,0,NaN,NaN,NaN,0,NaN,NaN,NaN,0,NaN,NaN,NaN,0,NaN,NaN,NaN,0,NaN,NaN,NaN,0,NaN,NaN,NaN,0,NaN,NaN,NaN,0,NaN,NaN,NaN,0,NaN,NaN,NaN,0,NaN,NaN,NaN,1,457.055555556,24.9725555556,15.069385,0,NaN,NaN,NaN,0,NaN,NaN,NaN,0,NaN,NaN,NaN,0,NaN,NaN,NaN,0,NaN,NaN,NaN,0,NaN,NaN,NaN,0,NaN,NaN,NaN,0,NaN,NaN,NaN,0,NaN,NaN,NaN,0,NaN,NaN,NaN,0,NaN,NaN,NaN
284109,454,00000000001111111111111100000000,24.714,24.685,0,NaN,NaN,NaN,0,NaN,NaN,NaN,0,NaN,NaN,NaN,0,NaN,NaN,NaN,0,NaN,NaN,NaN,0,NaN,NaN,NaN,0,NaN,NaN,NaN,0,NaN,NaN,NaN,0,NaN,NaN,NaN,0,NaN,NaN,NaN,0,NaN,NaN,NaN,0,NaN,NaN,NaN,0,NaN,NaN,NaN,0,NaN,NaN,NaN,0,NaN,NaN,NaN,0,NaN,NaN,NaN,0,NaN,NaN,NaN,0,NaN,NaN,NaN,0,NaN,NaN,NaN,0,NaN,NaN,NaN,0,NaN,NaN,NaN,1,456.063583815,24.9109421965,18.233945,0,NaN,NaN,NaN,0,NaN,NaN,NaN,0,NaN,NaN,NaN,0,NaN,NaN,NaN,0,NaN,NaN,NaN,0,NaN,NaN,NaN,0,NaN,NaN,NaN,0,NaN,NaN,NaN,0,NaN,NaN,NaN,0,NaN,NaN,NaN
284111,456,00000000011111111111111100000000,24.842,24.81,0,NaN,NaN,NaN,0,NaN,NaN,NaN,0,NaN,NaN,NaN,0,NaN,NaN,NaN,0,NaN,NaN,NaN,0,NaN,NaN,NaN,0,NaN,NaN,NaN,0,NaN,NaN,NaN,0,NaN,NaN,NaN,0,NaN,NaN,NaN,0,NaN,NaN,NaN,0,NaN,NaN,NaN,0,NaN,NaN,NaN,0,NaN,NaN,NaN,0,NaN,NaN,NaN,0,NaN,NaN,NaN,0,NaN,NaN,NaN,0,NaN,NaN,NaN,0,NaN,NaN,NaN,0,NaN,NaN,NaN,0,NaN,NaN,NaN,0,NaN,NaN,NaN,1,460.152542373,25.1697627119,21.398505,0,NaN,NaN,NaN,0,NaN,NaN,NaN,0,NaN,NaN,NaN,0,NaN,NaN,NaN,0,NaN,NaN,NaN,0,NaN,NaN,NaN,0,NaN,NaN,NaN,0,NaN,NaN,NaN,0,NaN,NaN,NaN
284113,458,00000000111111111111111100000000,24.969,24.936,0,NaN,NaN,NaN,0,NaN,NaN,NaN,0,NaN,NaN,NaN,0,NaN,NaN,NaN,0,NaN,NaN,NaN,0,NaN,NaN,NaN,0,NaN,NaN,NaN,0,NaN,NaN,NaN,0,NaN,NaN,NaN,0,NaN,NaN,NaN,0,NaN,NaN,NaN,0,NaN,NaN,NaN,0,NaN,NaN,NaN,0,NaN,NaN,NaN,0,NaN,NaN,NaN,0,NaN,NaN,NaN,0,NaN,NaN,NaN,0,NaN,NaN,NaN,0,NaN,NaN,NaN,0,NaN,NaN,NaN,0,NaN,NaN,NaN,0,NaN,NaN,NaN,0,NaN,NaN,NaN,1,459.424418605,25.1231627907,24.563065,0,NaN,NaN,NaN,0,NaN,NaN,NaN,0,NaN,NaN,NaN,0,NaN,NaN,NaN,0,NaN,NaN,NaN,0,NaN,NaN,NaN,0,NaN,NaN,NaN,0,NaN,NaN,NaN
284163,508,00000000111111111111111000000000,28.152,28.121,0,NaN,NaN,NaN,0,NaN,NaN,NaN,0,NaN,NaN,NaN,0,NaN,NaN,NaN,0,NaN,NaN,NaN,0,NaN,NaN,NaN,0,NaN,NaN,NaN,0,NaN,NaN,NaN,-1,512.248175182,28.4846350365,-22.905335,0,NaN,NaN,NaN,0,NaN,NaN,NaN,0,NaN,NaN,NaN,0,NaN,NaN,NaN,0,NaN,NaN,NaN,0,NaN,NaN,NaN,0,NaN,NaN,NaN,0,NaN,NaN,NaN,0,NaN,NaN,NaN,0,NaN,NaN,NaN,0,NaN,NaN,NaN,0,NaN,NaN,NaN,0,NaN,NaN,NaN,0,NaN,NaN,NaN,0,NaN,NaN,NaN,0,NaN,NaN,NaN,0,NaN,NaN,NaN,0,NaN,NaN,NaN,0,NaN,NaN,NaN,0,NaN,NaN,NaN,0,NaN,NaN,NaN,0,NaN,NaN,NaN,0,NaN,NaN,NaN
284167,512,00000000111111111111110000000000,28.405,28.371,0,NaN,NaN,NaN,0,NaN,NaN,NaN,0,NaN,NaN,NaN,0,NaN,NaN,NaN,0,NaN,NaN,NaN,0,NaN,NaN,NaN,0,NaN,NaN,NaN,0,NaN,NaN,NaN,0,NaN,NaN,NaN,-1,518.552083333,28.8863333333,-19.740775,0,NaN,NaN,NaN,0,NaN,NaN,NaN,0,NaN,NaN,NaN,0,NaN,NaN,NaN,0,NaN,NaN,NaN,0,NaN,NaN,NaN,0,NaN,NaN,NaN,0,NaN,NaN,NaN,0,NaN,NaN,NaN,0,NaN,NaN,NaN,0,NaN,NaN,NaN,0,NaN,NaN,NaN,0,NaN,NaN,NaN,0,NaN,NaN,NaN,0,NaN,NaN,NaN,0,NaN,NaN,NaN,0,NaN,NaN,NaN,0,NaN,NaN,NaN,0,NaN,NaN,NaN,0,NaN,NaN,NaN,0,NaN,NaN,NaN,0,NaN,NaN,NaN
284171,516,00000000111111111111100000000000,28.66,28.621,0,NaN,NaN,NaN,0,NaN,NaN,NaN,0,NaN,NaN,NaN,0,NaN,NaN,NaN,0,NaN,NaN,NaN,0,NaN,NaN,NaN,0,NaN,NaN,NaN,0,NaN,NaN,NaN,0,NaN,NaN,NaN,0,NaN,NaN,NaN,-1,521.704545455,29.0863863636,-16.576215,0,NaN,NaN,NaN,0,NaN,NaN,NaN,0,NaN,NaN,NaN,0,NaN,NaN,NaN,0,NaN,NaN,NaN,0,NaN,NaN,NaN,0,NaN,NaN,NaN,0,NaN,NaN,NaN,0,NaN,NaN,NaN,0,NaN,NaN,NaN,0,NaN,NaN,NaN,0,NaN,NaN,NaN,0,NaN,NaN,NaN,0,NaN,NaN,NaN,0,NaN,NaN,NaN,0,NaN,NaN,NaN,0,NaN,NaN,NaN,0,NaN,NaN,NaN,0,NaN,NaN,NaN,0,NaN,NaN,NaN,0,NaN,NaN,NaN
284175,520,00000000111111111111000000000000,28.915,28.871,0,NaN,NaN,NaN,0,NaN,NaN,NaN,0,NaN,NaN,NaN,0,NaN,NaN,NaN,0,NaN,NaN,NaN,0,NaN,NaN,NaN,0,NaN,NaN,NaN,0,NaN,NaN,NaN,0,NaN,NaN,NaN,0,NaN,NaN,NaN,0,NaN,NaN,NaN,-1,525.389261745,29.3209127517,-13.411655,0,NaN,NaN,NaN,0,NaN,NaN,NaN,0,NaN,NaN,NaN,0,NaN,NaN,NaN,0,NaN,NaN,NaN,0,NaN,NaN,NaN,0,NaN,NaN,NaN,0,NaN,NaN,NaN,0,NaN,NaN,NaN,0,NaN,NaN,NaN,0,NaN,NaN,NaN,0,NaN,NaN,NaN,0,NaN,NaN,NaN,0,NaN,NaN,NaN,0,NaN,NaN,NaN,0,NaN,NaN,NaN,0,NaN,NaN,NaN,0,NaN,NaN,NaN,0,NaN,NaN,NaN,0,NaN,NaN,NaN
284179,524,00000000111111111110000000000000,29.169,29.121,0,NaN,NaN,NaN,0,NaN,NaN,NaN,0,NaN,NaN,NaN,0,NaN,NaN,NaN,0,NaN,NaN,NaN,0,NaN,NaN,NaN,0,NaN,NaN,NaN,0,NaN,NaN,NaN,0,NaN,NaN,NaN,0,NaN,NaN,NaN,0,NaN,NaN,NaN,0,NaN,NaN,NaN,-1,529.695652174,29.5955217391,-10.247095,0,NaN,NaN,NaN,0,NaN,NaN,NaN,0,NaN,NaN,NaN,0,NaN,NaN,NaN,0,NaN,NaN,NaN,0,NaN,NaN,NaN,0,NaN,NaN,NaN,0,NaN,NaN,NaN,0,NaN,NaN,NaN,0,NaN,NaN,NaN,0,NaN,NaN,NaN,0,NaN,NaN,NaN,0,NaN,NaN,NaN,0,NaN,NaN,NaN,0,NaN,NaN,NaN,0,NaN,NaN,NaN,0,NaN,NaN,NaN,0,NaN,NaN,NaN,0,NaN,NaN,NaN
284183,528,00000000111111111100000000000000,29.424,29.371,0,NaN,NaN,NaN,0,NaN,NaN,NaN,0,NaN,NaN,NaN,0,NaN,NaN,NaN,0,NaN,NaN,NaN,0,NaN,NaN,NaN,0,NaN,NaN,NaN,0,NaN,NaN,NaN,0,NaN,NaN,NaN,0,NaN,NaN,NaN,0,NaN,NaN,NaN,0,NaN,NaN,NaN,0,NaN,NaN,NaN,-1,534.111764706,29.8770411765,-7.082535,0,NaN,NaN,NaN,0,NaN,NaN,NaN,0,NaN,NaN,NaN,0,NaN,NaN,NaN,0,NaN,NaN,NaN,0,NaN,NaN,NaN,0,NaN,NaN,NaN,0,NaN,NaN,NaN,0,NaN,NaN,NaN,0,NaN,NaN,NaN,0,NaN,NaN,NaN,0,NaN,NaN,NaN,0,NaN,NaN,NaN,0,NaN,NaN,NaN,0,NaN,NaN,NaN,0,NaN,NaN,NaN,0,NaN,NaN,NaN,0,NaN,NaN,NaN
284187,532,00000000111111111000000000000000,29.679,29.621,0,NaN,NaN,NaN,0,NaN,NaN,NaN,0,NaN,NaN,NaN,0,NaN,NaN,NaN,0,NaN,NaN,NaN,0,NaN,NaN,NaN,0,NaN,NaN,NaN,0,NaN,NaN,NaN,0,NaN,NaN,NaN,0,NaN,NaN,NaN,0,NaN,NaN,NaN,0,NaN,NaN,NaN,0,NaN,NaN,NaN,0,NaN,NaN,NaN,-1,537.862068966,30.1153103448,-3.917975,0,NaN,NaN,NaN,0,NaN,NaN,NaN,0,NaN,NaN,NaN,0,NaN,NaN,NaN,0,NaN,NaN,NaN,0,NaN,NaN,NaN,0,NaN,NaN,NaN,0,NaN,NaN,NaN,0,NaN,NaN,NaN,0,NaN,NaN,NaN,0,NaN,NaN,NaN,0,NaN,NaN,NaN,0,NaN,NaN,NaN,0,NaN,NaN,NaN,0,NaN,NaN,NaN,0,NaN,NaN,NaN,0,NaN,NaN,NaN
284191,536,00000000111111110000000000000000,29.933,29.871,0,NaN,NaN,NaN,0,NaN,NaN,NaN,0,NaN,NaN,NaN,0,NaN,NaN,NaN,0,NaN,NaN,NaN,0,NaN,NaN,NaN,0,NaN,NaN,NaN,0,NaN,NaN,NaN,0,NaN,NaN,NaN,0,NaN,NaN,NaN,0,NaN,NaN,NaN,0,NaN,NaN,NaN,0,NaN,NaN,NaN,0,NaN,NaN,NaN,0,NaN,NaN,NaN,-1,541.807692308,30.3666923077,-0.753415,0,NaN,NaN,NaN,0,NaN,NaN,NaN,0,NaN,NaN,NaN,0,NaN,NaN,NaN,0,NaN,NaN,NaN,0,NaN,NaN,NaN,0,NaN,NaN,NaN,0,NaN,NaN,NaN,0,NaN,NaN,NaN,0,NaN,NaN,NaN,0,NaN,NaN,NaN,0,NaN,NaN,NaN,0,NaN,NaN,NaN,0,NaN,NaN,NaN,0,NaN,NaN,NaN,0,NaN,NaN,NaN
284194,539,00000000111111100000000000000000,30.124,30.121,0,NaN,NaN,NaN,0,NaN,NaN,NaN,0,NaN,NaN,NaN,0,NaN,NaN,NaN,0,NaN,NaN,NaN,0,NaN,NaN,NaN,0,NaN,NaN,NaN,0,NaN,NaN,NaN,0,NaN,NaN,NaN,0,NaN,NaN,NaN,0,NaN,NaN,NaN,0,NaN,NaN,NaN,0,NaN,NaN,NaN,0,NaN,NaN,NaN,0,NaN,NaN,NaN,0,NaN,NaN,NaN,-1,544.285714286,30.5242857143,2.411145,0,NaN,NaN,NaN,0,NaN,NaN,NaN,0,NaN,NaN,NaN,0,NaN,NaN,NaN,0,NaN,NaN,NaN,0,NaN,NaN,NaN,0,NaN,NaN,NaN,0,NaN,NaN,NaN,0,NaN,NaN,NaN,0,NaN,NaN,NaN,0,NaN,NaN,NaN,0,NaN,NaN,NaN,0,NaN,NaN,NaN,0,NaN,NaN,NaN,0,NaN,NaN,NaN
284198,543,00000000111111000000000000000000,30.379,30.371,0,NaN,NaN,NaN,0,NaN,NaN,NaN,0,NaN,NaN,NaN,0,NaN,NaN,NaN,0,NaN,NaN,NaN,0,NaN,NaN,NaN,0,NaN,NaN,NaN,0,NaN,NaN,NaN,0,NaN,NaN,NaN,0,NaN,NaN,NaN,0,NaN,NaN,NaN,0,NaN,NaN,NaN,0,NaN,NaN,NaN,0,NaN,NaN,NaN,0,NaN,NaN,NaN,0,NaN,NaN,NaN,0,NaN,NaN,NaN,-1,546.843373494,30.6861325301,5.575705,0,NaN,NaN,NaN,0,NaN,NaN,NaN,0,NaN,NaN,NaN,0,NaN,NaN,NaN,0,NaN,NaN,NaN,0,NaN,NaN,NaN,0,NaN,NaN,NaN,0,NaN,NaN,NaN,0,NaN,NaN,NaN,0,NaN,NaN,NaN,0,NaN,NaN,NaN,0,NaN,NaN,NaN,0,NaN,NaN,NaN,0,NaN,NaN,NaN
284202,547,00000000111110000000000000000000,30.633,30.621,0,NaN,NaN,NaN,0,NaN,NaN,NaN,0,NaN,NaN,NaN,0,NaN,NaN,NaN,0,NaN,NaN,NaN,0,NaN,NaN,NaN,0,NaN,NaN,NaN,0,NaN,NaN,NaN,0,NaN,NaN,NaN,0,NaN,NaN,NaN,0,NaN,NaN,NaN,0,NaN,NaN,NaN,0,NaN,NaN,NaN,0,NaN,NaN,NaN,0,NaN,NaN,NaN,0,NaN,NaN,NaN,0,NaN,NaN,NaN,0,NaN,NaN,NaN,-1,551.766666667,30.9993,8.740265,0,NaN,NaN,NaN,0,NaN,NaN,NaN,0,NaN,NaN,NaN,0,NaN,NaN,NaN,0,NaN,NaN,NaN,0,NaN,NaN,NaN,0,NaN,NaN,NaN,0,NaN,NaN,NaN,0,NaN,NaN,NaN,0,NaN,NaN,NaN,0,NaN,NaN,NaN,0,NaN,NaN,NaN,0,NaN,NaN,NaN
284206,551,00000000111100000000000000000000,30.887,30.87,0,NaN,NaN,NaN,0,NaN,NaN,NaN,0,NaN,NaN,NaN,0,NaN,NaN,NaN,0,NaN,NaN,NaN,0,NaN,NaN,NaN,0,NaN,NaN,NaN,0,NaN,NaN,NaN,0,NaN,NaN,NaN,0,NaN,NaN,NaN,0,NaN,NaN,NaN,0,NaN,NaN,NaN,0,NaN,NaN,NaN,0,NaN,NaN,NaN,0,NaN,NaN,NaN,0,NaN,NaN,NaN,0,NaN,NaN,NaN,0,NaN,NaN,NaN,0,NaN,NaN,NaN,-1,554.586956522,31.1785652174,11.904825,0,NaN,NaN,NaN,0,NaN,NaN,NaN,0,NaN,NaN,NaN,0,NaN,NaN,NaN,0,NaN,NaN,NaN,0,NaN,NaN,NaN,0,NaN,NaN,NaN,0,NaN,NaN,NaN,0,NaN,NaN,NaN,0,NaN,NaN,NaN,0,NaN,NaN,NaN,0,NaN,NaN,NaN
284210,555,00000000111000000000000000000000,31.141,31.12,0,NaN,NaN,NaN,0,NaN,NaN,NaN,0,NaN,NaN,NaN,0,NaN,NaN,NaN,0,NaN,NaN,NaN,0,NaN,NaN,NaN,0,NaN,NaN,NaN,0,NaN,NaN,NaN,0,NaN,NaN,NaN,0,NaN,NaN,NaN,0,NaN,NaN,NaN,0,NaN,NaN,NaN,0,NaN,NaN,NaN,0,NaN,NaN,NaN,0,NaN,NaN,NaN,0,NaN,NaN,NaN,0,NaN,NaN,NaN,0,NaN,NaN,NaN,0,NaN,NaN,NaN,0,NaN,NaN,NaN,-1,560.72173913,31.5691913043,15.069385,0,NaN,NaN,NaN,0,NaN,NaN,NaN,0,NaN,NaN,NaN,0,NaN,NaN,NaN,0,NaN,NaN,NaN,0,NaN,NaN,NaN,0,NaN,NaN,NaN,0,NaN,NaN,NaN,0,NaN,NaN,NaN,0,NaN,NaN,NaN,0,NaN,NaN,NaN
284214,559,00000000110000000000000000000000,31.396,31.37,0,NaN,NaN,NaN,0,NaN,NaN,NaN,0,NaN,NaN,NaN,0,NaN,NaN,NaN,0,NaN,NaN,NaN,0,NaN,NaN,NaN,0,NaN,NaN,NaN,0,NaN,NaN,NaN,0,NaN,NaN,NaN,0,NaN,NaN,NaN,0,NaN,NaN,NaN,0,NaN,NaN,NaN,0,NaN,NaN,NaN,0,NaN,NaN,NaN,0,NaN,NaN,NaN,0,NaN,NaN,NaN,0,NaN,NaN,NaN,0,NaN,NaN,NaN,0,NaN,NaN,NaN,0,NaN,NaN,NaN,0,NaN,NaN,NaN,-1,564.652173913,31.8190869565,18.233945,0,NaN,NaN,NaN,0,NaN,NaN,NaN,0,NaN,NaN,NaN,0,NaN,NaN,NaN,0,NaN,NaN,NaN,0,NaN,NaN,NaN,0,NaN,NaN,NaN,0,NaN,NaN,NaN,0,NaN,NaN,NaN,0,NaN,NaN,NaN
284218,563,00000000100000000000000000000000,31.651,31.624,0,NaN,NaN,NaN,0,NaN,NaN,NaN,0,NaN,NaN,NaN,0,NaN,NaN,NaN,0,NaN,NaN,NaN,0,NaN,NaN,NaN,0,NaN,NaN,NaN,0,NaN,NaN,NaN,0,NaN,NaN,NaN,0,NaN,NaN,NaN,0,NaN,NaN,NaN,0,NaN,NaN,NaN,0,NaN,NaN,NaN,0,NaN,NaN,NaN,0,NaN,NaN,NaN,0,NaN,NaN,NaN,0,NaN,NaN,NaN,0,NaN,NaN,NaN,0,NaN,NaN,NaN,0,NaN,NaN,NaN,0,NaN,NaN,NaN,0,NaN,NaN,NaN,-1,568.19047619,32.0451904762,21.398505,0,NaN,NaN,NaN,0,NaN,NaN,NaN,0,NaN,NaN,NaN,0,NaN,NaN,NaN,0,NaN,NaN,NaN,0,NaN,NaN,NaN,0,NaN,NaN,NaN,0,NaN,NaN,NaN,0,NaN,NaN,NaN
284222,567,00000000000000000000000000000000,31.905,31.87,0,NaN,NaN,NaN,0,NaN,NaN,NaN,0,NaN,NaN,NaN,0,NaN,NaN,NaN,0,NaN,NaN,NaN,0,NaN,NaN,NaN,0,NaN,NaN,NaN,0,NaN,NaN,NaN,0,NaN,NaN,NaN,0,NaN,NaN,NaN,0,NaN,NaN,NaN,0,NaN,NaN,NaN,0,NaN,NaN,NaN,0,NaN,NaN,NaN,0,NaN,NaN,NaN,0,NaN,NaN,NaN,0,NaN,NaN,NaN,0,NaN,NaN,NaN,0,NaN,NaN,NaN,0,NaN,NaN,NaN,0,NaN,NaN,NaN,0,NaN,NaN,NaN,0,NaN,NaN,NaN,-1,573.291925466,32.3693913043,24.563065,0,NaN,NaN,NaN,0,NaN,NaN,NaN,0,NaN,NaN,NaN,0,NaN,NaN,NaN,0,NaN,NaN,NaN,0,NaN,NaN,NaN,0,NaN,NaN,NaN,0,NaN,NaN,NaN
284257,602,00000000000000000000000100000000,34.133,34.12,0,NaN,NaN,NaN,0,NaN,NaN,NaN,0,NaN,NaN,NaN,0,NaN,NaN,NaN,0,NaN,NaN,NaN,0,NaN,NaN,NaN,0,NaN,NaN,NaN,0,NaN,NaN,NaN,1,599.713567839,34.0506683417,-22.905335,0,NaN,NaN,NaN,0,NaN,NaN,NaN,0,NaN,NaN,NaN,0,NaN,NaN,NaN,0,NaN,NaN,NaN,0,NaN,NaN,NaN,0,NaN,NaN,NaN,0,NaN,NaN,NaN,0,NaN,NaN,NaN,0,NaN,NaN,NaN,0,NaN,NaN,NaN,0,NaN,NaN,NaN,0,NaN,NaN,NaN,0,NaN,NaN,NaN,0,NaN,NaN,NaN,0,NaN,NaN,NaN,0,NaN,NaN,NaN,0,NaN,NaN,NaN,0,NaN,NaN,NaN,0,NaN,NaN,NaN,0,NaN,NaN,NaN,0,NaN,NaN,NaN,0,NaN,NaN,NaN
284261,606,00000000000000000000001100000000,34.387,34.37,0,NaN,NaN,NaN,0,NaN,NaN,NaN,0,NaN,NaN,NaN,0,NaN,NaN,NaN,0,NaN,NaN,NaN,0,NaN,NaN,NaN,0,NaN,NaN,NaN,0,NaN,NaN,NaN,0,NaN,NaN,NaN,1,609.371794872,34.6647948718,-19.740775,0,NaN,NaN,NaN,0,NaN,NaN,NaN,0,NaN,NaN,NaN,0,NaN,NaN,NaN,0,NaN,NaN,NaN,0,NaN,NaN,NaN,0,NaN,NaN,NaN,0,NaN,NaN,NaN,0,NaN,NaN,NaN,0,NaN,NaN,NaN,0,NaN,NaN,NaN,0,NaN,NaN,NaN,0,NaN,NaN,NaN,0,NaN,NaN,NaN,0,NaN,NaN,NaN,0,NaN,NaN,NaN,0,NaN,NaN,NaN,0,NaN,NaN,NaN,0,NaN,NaN,NaN,0,NaN,NaN,NaN,0,NaN,NaN,NaN,0,NaN,NaN,NaN
284265,610,00000000000000000000011100000000,34.641,34.619,0,NaN,NaN,NaN,0,NaN,NaN,NaN,0,NaN,NaN,NaN,0,NaN,NaN,NaN,0,NaN,NaN,NaN,0,NaN,NaN,NaN,0,NaN,NaN,NaN,0,NaN,NaN,NaN,0,NaN,NaN,NaN,0,NaN,NaN,NaN,1,613.265895954,34.9127514451,-16.576215,0,NaN,NaN,NaN,0,NaN,NaN,NaN,0,NaN,NaN,NaN,0,NaN,NaN,NaN,0,NaN,NaN,NaN,0,NaN,NaN,NaN,0,NaN,NaN,NaN,0,NaN,NaN,NaN,0,NaN,NaN,NaN,0,NaN,NaN,NaN,0,NaN,NaN,NaN,0,NaN,NaN,NaN,0,NaN,NaN,NaN,0,NaN,NaN,NaN,0,NaN,NaN,NaN,0,NaN,NaN,NaN,0,NaN,NaN,NaN,0,NaN,NaN,NaN,0,NaN,NaN,NaN,0,NaN,NaN,NaN,0,NaN,NaN,NaN
284269,614,00000000000000000000111100000000,34.896,34.869,0,NaN,NaN,NaN,0,NaN,NaN,NaN,0,NaN,NaN,NaN,0,NaN,NaN,NaN,0,NaN,NaN,NaN,0,NaN,NaN,NaN,0,NaN,NaN,NaN,0,NaN,NaN,NaN,0,NaN,NaN,NaN,0,NaN,NaN,NaN,0,NaN,NaN,NaN,1,618.707317073,35.2582682927,-13.411655,0,NaN,NaN,NaN,0,NaN,NaN,NaN,0,NaN,NaN,NaN,0,NaN,NaN,NaN,0,NaN,NaN,NaN,0,NaN,NaN,NaN,0,NaN,NaN,NaN,0,NaN,NaN,NaN,0,NaN,NaN,NaN,0,NaN,NaN,NaN,0,NaN,NaN,NaN,0,NaN,NaN,NaN,0,NaN,NaN,NaN,0,NaN,NaN,NaN,0,NaN,NaN,NaN,0,NaN,NaN,NaN,0,NaN,NaN,NaN,0,NaN,NaN,NaN,0,NaN,NaN,NaN,0,NaN,NaN,NaN
284273,618,00000000000000000001111100000000,35.15,35.119,0,NaN,NaN,NaN,0,NaN,NaN,NaN,0,NaN,NaN,NaN,0,NaN,NaN,NaN,0,NaN,NaN,NaN,0,NaN,NaN,NaN,0,NaN,NaN,NaN,0,NaN,NaN,NaN,0,NaN,NaN,NaN,0,NaN,NaN,NaN,0,NaN,NaN,NaN,0,NaN,NaN,NaN,1,623.569230769,35.5684307692,-10.247095,0,NaN,NaN,NaN,0,NaN,NaN,NaN,0,NaN,NaN,NaN,0,NaN,NaN,NaN,0,NaN,NaN,NaN,0,NaN,NaN,NaN,0,NaN,NaN,NaN,0,NaN,NaN,NaN,0,NaN,NaN,NaN,0,NaN,NaN,NaN,0,NaN,NaN,NaN,0,NaN,NaN,NaN,0,NaN,NaN,NaN,0,NaN,NaN,NaN,0,NaN,NaN,NaN,0,NaN,NaN,NaN,0,NaN,NaN,NaN,0,NaN,NaN,NaN,0,NaN,NaN,NaN
284277,622,00000000000000000011111100000000,35.405,35.369,0,NaN,NaN,NaN,0,NaN,NaN,NaN,0,NaN,NaN,NaN,0,NaN,NaN,NaN,0,NaN,NaN,NaN,0,NaN,NaN,NaN,0,NaN,NaN,NaN,0,NaN,NaN,NaN,0,NaN,NaN,NaN,0,NaN,NaN,NaN,0,NaN,NaN,NaN,0,NaN,NaN,NaN,0,NaN,NaN,NaN,1,627.306358382,35.8056069364,-7.082535,0,NaN,NaN,NaN,0,NaN,NaN,NaN,0,NaN,NaN,NaN,0,NaN,NaN,NaN,0,NaN,NaN,NaN,0,NaN,NaN,NaN,0,NaN,NaN,NaN,0,NaN,NaN,NaN,0,NaN,NaN,NaN,0,NaN,NaN,NaN,0,NaN,NaN,NaN,0,NaN,NaN,NaN,0,NaN,NaN,NaN,0,NaN,NaN,NaN,0,NaN,NaN,NaN,0,NaN,NaN,NaN,0,NaN,NaN,NaN,0,NaN,NaN,NaN
284281,626,00000000000000000111111100000000,35.659,35.619,0,NaN,NaN,NaN,0,NaN,NaN,NaN,0,NaN,NaN,NaN,0,NaN,NaN,NaN,0,NaN,NaN,NaN,0,NaN,NaN,NaN,0,NaN,NaN,NaN,0,NaN,NaN,NaN,0,NaN,NaN,NaN,0,NaN,NaN,NaN,0,NaN,NaN,NaN,0,NaN,NaN,NaN,0,NaN,NaN,NaN,0,NaN,NaN,NaN,1,631.546296296,36.075962963,-3.917975,0,NaN,NaN,NaN,0,NaN,NaN,NaN,0,NaN,NaN,NaN,0,NaN,NaN,NaN,0,NaN,NaN,NaN,0,NaN,NaN,NaN,0,NaN,NaN,NaN,0,NaN,NaN,NaN,0,NaN,NaN,NaN,0,NaN,NaN,NaN,0,NaN,NaN,NaN,0,NaN,NaN,NaN,0,NaN,NaN,NaN,0,NaN,NaN,NaN,0,NaN,NaN,NaN,0,NaN,NaN,NaN,0,NaN,NaN,NaN
284285,630,00000000000000001111111100000000,35.914,35.869,0,NaN,NaN,NaN,0,NaN,NaN,NaN,0,NaN,NaN,NaN,0,NaN,NaN,NaN,0,NaN,NaN,NaN,0,NaN,NaN,NaN,0,NaN,NaN,NaN,0,NaN,NaN,NaN,0,NaN,NaN,NaN,0,NaN,NaN,NaN,0,NaN,NaN,NaN,0,NaN,NaN,NaN,0,NaN,NaN,NaN,0,NaN,NaN,NaN,0,NaN,NaN,NaN,1,636.02020202,36.3612929293,-0.753415,0,NaN,NaN,NaN,0,NaN,NaN,NaN,0,NaN,NaN,NaN,0,NaN,NaN,NaN,0,NaN,NaN,NaN,0,NaN,NaN,NaN,0,NaN,NaN,NaN,0,NaN,NaN,NaN,0,NaN,NaN,NaN,0,NaN,NaN,NaN,0,NaN,NaN,NaN,0,NaN,NaN,NaN,0,NaN,NaN,NaN,0,NaN,NaN,NaN,0,NaN,NaN,NaN,0,NaN,NaN,NaN
284289,634,00000000000000011111111100000000,36.169,36.119,0,NaN,NaN,NaN,0,NaN,NaN,NaN,0,NaN,NaN,NaN,0,NaN,NaN,NaN,0,NaN,NaN,NaN,0,NaN,NaN,NaN,0,NaN,NaN,NaN,0,NaN,NaN,NaN,0,NaN,NaN,NaN,0,NaN,NaN,NaN,0,NaN,NaN,NaN,0,NaN,NaN,NaN,0,NaN,NaN,NaN,0,NaN,NaN,NaN,0,NaN,NaN,NaN,0,NaN,NaN,NaN,1,638.433333333,36.5147333333,2.411145,0,NaN,NaN,NaN,0,NaN,NaN,NaN,0,NaN,NaN,NaN,0,NaN,NaN,NaN,0,NaN,NaN,NaN,0,NaN,NaN,NaN,0,NaN,NaN,NaN,0,NaN,NaN,NaN,0,NaN,NaN,NaN,0,NaN,NaN,NaN,0,NaN,NaN,NaN,0,NaN,NaN,NaN,0,NaN,NaN,NaN,0,NaN,NaN,NaN,0,NaN,NaN,NaN
284293,638,00000000000000111111111100000000,36.424,36.369,0,NaN,NaN,NaN,0,NaN,NaN,NaN,0,NaN,NaN,NaN,0,NaN,NaN,NaN,0,NaN,NaN,NaN,0,NaN,NaN,NaN,0,NaN,NaN,NaN,0,NaN,NaN,NaN,0,NaN,NaN,NaN,0,NaN,NaN,NaN,0,NaN,NaN,NaN,0,NaN,NaN,NaN,0,NaN,NaN,NaN,0,NaN,NaN,NaN,0,NaN,NaN,NaN,0,NaN,NaN,NaN,0,NaN,NaN,NaN,1,640.406666667,36.64062,5.575705,0,NaN,NaN,NaN,0,NaN,NaN,NaN,0,NaN,NaN,NaN,0,NaN,NaN,NaN,0,NaN,NaN,NaN,0,NaN,NaN,NaN,0,NaN,NaN,NaN,0,NaN,NaN,NaN,0,NaN,NaN,NaN,0,NaN,NaN,NaN,0,NaN,NaN,NaN,0,NaN,NaN,NaN,0,NaN,NaN,NaN,0,NaN,NaN,NaN
284297,642,00000000000001111111111100000000,36.678,36.619,0,NaN,NaN,NaN,0,NaN,NaN,NaN,0,NaN,NaN,NaN,0,NaN,NaN,NaN,0,NaN,NaN,NaN,0,NaN,NaN,NaN,0,NaN,NaN,NaN,0,NaN,NaN,NaN,0,NaN,NaN,NaN,0,NaN,NaN,NaN,0,NaN,NaN,NaN,0,NaN,NaN,NaN,0,NaN,NaN,NaN,0,NaN,NaN,NaN,0,NaN,NaN,NaN,0,NaN,NaN,NaN,0,NaN,NaN,NaN,0,NaN,NaN,NaN,1,642.823728814,36.7947186441,8.740265,0,NaN,NaN,NaN,0,NaN,NaN,NaN,0,NaN,NaN,NaN,0,NaN,NaN,NaN,0,NaN,NaN,NaN,0,NaN,NaN,NaN,0,NaN,NaN,NaN,0,NaN,NaN,NaN,0,NaN,NaN,NaN,0,NaN,NaN,NaN,0,NaN,NaN,NaN,0,NaN,NaN,NaN,0,NaN,NaN,NaN
284301,646,00000000000011111111111100000000,36.932,36.869,0,NaN,NaN,NaN,0,NaN,NaN,NaN,0,NaN,NaN,NaN,0,NaN,NaN,NaN,0,NaN,NaN,NaN,0,NaN,NaN,NaN,0,NaN,NaN,NaN,0,NaN,NaN,NaN,0,NaN,NaN,NaN,0,NaN,NaN,NaN,0,NaN,NaN,NaN,0,NaN,NaN,NaN,0,NaN,NaN,NaN,0,NaN,NaN,NaN,0,NaN,NaN,NaN,0,NaN,NaN,NaN,0,NaN,NaN,NaN,0,NaN,NaN,NaN,0,NaN,NaN,NaN,1,644.964285714,36.92975,11.904825,0,NaN,NaN,NaN,0,NaN,NaN,NaN,0,NaN,NaN,NaN,0,NaN,NaN,NaN,0,NaN,NaN,NaN,0,NaN,NaN,NaN,0,NaN,NaN,NaN,0,NaN,NaN,NaN,0,NaN,NaN,NaN,0,NaN,NaN,NaN,0,NaN,NaN,NaN,0,NaN,NaN,NaN
284304,649,00000000000111111111111100000000,37.123,37.119,0,NaN,NaN,NaN,0,NaN,NaN,NaN,0,NaN,NaN,NaN,0,NaN,NaN,NaN,0,NaN,NaN,NaN,0,NaN,NaN,NaN,0,NaN,NaN,NaN,0,NaN,NaN,NaN,0,NaN,NaN,NaN,0,NaN,NaN,NaN,0,NaN,NaN,NaN,0,NaN,NaN,NaN,0,NaN,NaN,NaN,0,NaN,NaN,NaN,0,NaN,NaN,NaN,0,NaN,NaN,NaN,0,NaN,NaN,NaN,0,NaN,NaN,NaN,0,NaN,NaN,NaN,0,NaN,NaN,NaN,1,654.557251908,37.5406641221,15.069385,0,NaN,NaN,NaN,0,NaN,NaN,NaN,0,NaN,NaN,NaN,0,NaN,NaN,NaN,0,NaN,NaN,NaN,0,NaN,NaN,NaN,0,NaN,NaN,NaN,0,NaN,NaN,NaN,0,NaN,NaN,NaN,0,NaN,NaN,NaN,0,NaN,NaN,NaN
284308,653,00000000001111111111111100000000,37.377,37.368,0,NaN,NaN,NaN,0,NaN,NaN,NaN,0,NaN,NaN,NaN,0,NaN,NaN,NaN,0,NaN,NaN,NaN,0,NaN,NaN,NaN,0,NaN,NaN,NaN,0,NaN,NaN,NaN,0,NaN,NaN,NaN,0,NaN,NaN,NaN,0,NaN,NaN,NaN,0,NaN,NaN,NaN,0,NaN,NaN,NaN,0,NaN,NaN,NaN,0,NaN,NaN,NaN,0,NaN,NaN,NaN,0,NaN,NaN,NaN,0,NaN,NaN,NaN,0,NaN,NaN,NaN,0,NaN,NaN,NaN,0,NaN,NaN,NaN,1,658.682926829,37.8020243902,18.233945,0,NaN,NaN,NaN,0,NaN,NaN,NaN,0,NaN,NaN,NaN,0,NaN,NaN,NaN,0,NaN,NaN,NaN,0,NaN,NaN,NaN,0,NaN,NaN,NaN,0,NaN,NaN,NaN,0,NaN,NaN,NaN,0,NaN,NaN,NaN
284312,657,00000000011111111111111100000000,37.631,37.618,0,NaN,NaN,NaN,0,NaN,NaN,NaN,0,NaN,NaN,NaN,0,NaN,NaN,NaN,0,NaN,NaN,NaN,0,NaN,NaN,NaN,0,NaN,NaN,NaN,0,NaN,NaN,NaN,0,NaN,NaN,NaN,0,NaN,NaN,NaN,0,NaN,NaN,NaN,0,NaN,NaN,NaN,0,NaN,NaN,NaN,0,NaN,NaN,NaN,0,NaN,NaN,NaN,0,NaN,NaN,NaN,0,NaN,NaN,NaN,0,NaN,NaN,NaN,0,NaN,NaN,NaN,0,NaN,NaN,NaN,0,NaN,NaN,NaN,0,NaN,NaN,NaN,1,662.73943662,38.0613239437,21.398505,0,NaN,NaN,NaN,0,NaN,NaN,NaN,0,NaN,NaN,NaN,0,NaN,NaN,NaN,0,NaN,NaN,NaN,0,NaN,NaN,NaN,0,NaN,NaN,NaN,0,NaN,NaN,NaN,0,NaN,NaN,NaN
284316,661,00000000111111111111111100000000,37.886,37.868,0,NaN,NaN,NaN,0,NaN,NaN,NaN,0,NaN,NaN,NaN,0,NaN,NaN,NaN,0,NaN,NaN,NaN,0,NaN,NaN,NaN,0,NaN,NaN,NaN,0,NaN,NaN,NaN,0,NaN,NaN,NaN,0,NaN,NaN,NaN,0,NaN,NaN,NaN,0,NaN,NaN,NaN,0,NaN,NaN,NaN,0,NaN,NaN,NaN,0,NaN,NaN,NaN,0,NaN,NaN,NaN,0,NaN,NaN,NaN,0,NaN,NaN,NaN,0,NaN,NaN,NaN,0,NaN,NaN,NaN,0,NaN,NaN,NaN,0,NaN,NaN,NaN,0,NaN,NaN,NaN,1,665.861702128,38.259287234,24.563065,0,NaN,NaN,NaN,0,NaN,NaN,NaN,0,NaN,NaN,NaN,0,NaN,NaN,NaN,0,NaN,NaN,NaN,0,NaN,NaN,NaN,0,NaN,NaN,NaN,0,NaN,NaN,NaN
284338,683,00000000111111111111111000000000,39.286,39.236,0,NaN,NaN,NaN,0,NaN,NaN,NaN,0,NaN,NaN,NaN,0,NaN,NaN,NaN,0,NaN,NaN,NaN,0,NaN,NaN,NaN,0,NaN,NaN,NaN,0,NaN,NaN,NaN,-1,687.589861751,39.6427511521,-22.905335,0,NaN,NaN,NaN,0,NaN,NaN,NaN,0,NaN,NaN,NaN,0,NaN,NaN,NaN,0,NaN,NaN,NaN,0,NaN,NaN,NaN,0,NaN,NaN,NaN,0,NaN,NaN,NaN,0,NaN,NaN,NaN,0,NaN,NaN,NaN,0,NaN,NaN,NaN,0,NaN,NaN,NaN,0,NaN,NaN,NaN,0,NaN,NaN,NaN,0,NaN,NaN,NaN,0,NaN,NaN,NaN,0,NaN,NaN,NaN,0,NaN,NaN,NaN,0,NaN,NaN,NaN,0,NaN,NaN,NaN,0,NaN,NaN,NaN,0,NaN,NaN,NaN,0,NaN,NaN,NaN
284346,691,00000000111111111111110000000000,39.795,39.736,0,NaN,NaN,NaN,0,NaN,NaN,NaN,0,NaN,NaN,NaN,0,NaN,NaN,NaN,0,NaN,NaN,NaN,0,NaN,NaN,NaN,0,NaN,NaN,NaN,0,NaN,NaN,NaN,0,NaN,NaN,NaN,-1,696.0456621,40.1798767123,-19.740775,0,NaN,NaN,NaN,0,NaN,NaN,NaN,0,NaN,NaN,NaN,0,NaN,NaN,NaN,0,NaN,NaN,NaN,0,NaN,NaN,NaN,0,NaN,NaN,NaN,0,NaN,NaN,NaN,0,NaN,NaN,NaN,0,NaN,NaN,NaN,0,NaN,NaN,NaN,0,NaN,NaN,NaN,0,NaN,NaN,NaN,0,NaN,NaN,NaN,0,NaN,NaN,NaN,0,NaN,NaN,NaN,0,NaN,NaN,NaN,0,NaN,NaN,NaN,0,NaN,NaN,NaN,0,NaN,NaN,NaN,0,NaN,NaN,NaN,0,NaN,NaN,NaN
284353,698,00000000111111111111100000000000,40.24,40.235,0,NaN,NaN,NaN,0,NaN,NaN,NaN,0,NaN,NaN,NaN,0,NaN,NaN,NaN,0,NaN,NaN,NaN,0,NaN,NaN,NaN,0,NaN,NaN,NaN,0,NaN,NaN,NaN,0,NaN,NaN,NaN,0,NaN,NaN,NaN,-1,702.942307692,40.6193076923,-16.576215,0,NaN,NaN,NaN,0,NaN,NaN,NaN,0,NaN,NaN,NaN,0,NaN,NaN,NaN,0,NaN,NaN,NaN,0,NaN,NaN,NaN,0,NaN,NaN,NaN,0,NaN,NaN,NaN,0,NaN,NaN,NaN,0,NaN,NaN,NaN,0,NaN,NaN,NaN,0,NaN,NaN,NaN,0,NaN,NaN,NaN,0,NaN,NaN,NaN,0,NaN,NaN,NaN,0,NaN,NaN,NaN,0,NaN,NaN,NaN,0,NaN,NaN,NaN,0,NaN,NaN,NaN,0,NaN,NaN,NaN,0,NaN,NaN,NaN
284361,706,00000000111111111111000000000000,40.75,40.735,0,NaN,NaN,NaN,0,NaN,NaN,NaN,0,NaN,NaN,NaN,0,NaN,NaN,NaN,0,NaN,NaN,NaN,0,NaN,NaN,NaN,0,NaN,NaN,NaN,0,NaN,NaN,NaN,0,NaN,NaN,NaN,0,NaN,NaN,NaN,0,NaN,NaN,NaN,-1,709.391891892,41.0300810811,-13.411655,0,NaN,NaN,NaN,0,NaN,NaN,NaN,0,NaN,NaN,NaN,0,NaN,NaN,NaN,0,NaN,NaN,NaN,0,NaN,NaN,NaN,0,NaN,NaN,NaN,0,NaN,NaN,NaN,0,NaN,NaN,NaN,0,NaN,NaN,NaN,0,NaN,NaN,NaN,0,NaN,NaN,NaN,0,NaN,NaN,NaN,0,NaN,NaN,NaN,0,NaN,NaN,NaN,0,NaN,NaN,NaN,0,NaN,NaN,NaN,0,NaN,NaN,NaN,0,NaN,NaN,NaN,0,NaN,NaN,NaN
284369,714,00000000111111111110000000000000,41.259,41.235,0,NaN,NaN,NaN,0,NaN,NaN,NaN,0,NaN,NaN,NaN,0,NaN,NaN,NaN,0,NaN,NaN,NaN,0,NaN,NaN,NaN,0,NaN,NaN,NaN,0,NaN,NaN,NaN,0,NaN,NaN,NaN,0,NaN,NaN,NaN,0,NaN,NaN,NaN,0,NaN,NaN,NaN,-1,719.943262411,41.7003687943,-10.247095,0,NaN,NaN,NaN,0,NaN,NaN,NaN,0,NaN,NaN,NaN,0,NaN,NaN,NaN,0,NaN,NaN,NaN,0,NaN,NaN,NaN,0,NaN,NaN,NaN,0,NaN,NaN,NaN,0,NaN,NaN,NaN,0,NaN,NaN,NaN,0,NaN,NaN,NaN,0,NaN,NaN,NaN,0,NaN,NaN,NaN,0,NaN,NaN,NaN,0,NaN,NaN,NaN,0,NaN,NaN,NaN,0,NaN,NaN,NaN,0,NaN,NaN,NaN,0,NaN,NaN,NaN
284377,722,00000000111111111100000000000000,41.768,41.734,0,NaN,NaN,NaN,0,NaN,NaN,NaN,0,NaN,NaN,NaN,0,NaN,NaN,NaN,0,NaN,NaN,NaN,0,NaN,NaN,NaN,0,NaN,NaN,NaN,0,NaN,NaN,NaN,0,NaN,NaN,NaN,0,NaN,NaN,NaN,0,NaN,NaN,NaN,0,NaN,NaN,NaN,0,NaN,NaN,NaN,-1,728.480519481,42.2437532468,-7.082535,0,NaN,NaN,NaN,0,NaN,NaN,NaN,0,NaN,NaN,NaN,0,NaN,NaN,NaN,0,NaN,NaN,NaN,0,NaN,NaN,NaN,0,NaN,NaN,NaN,0,NaN,NaN,NaN,0,NaN,NaN,NaN,0,NaN,NaN,NaN,0,NaN,NaN,NaN,0,NaN,NaN,NaN,0,NaN,NaN,NaN,0,NaN,NaN,NaN,0,NaN,NaN,NaN,0,NaN,NaN,NaN,0,NaN,NaN,NaN,0,NaN,NaN,NaN
284385,730,00000000111111111000000000000000,42.277,42.234,0,NaN,NaN,NaN,0,NaN,NaN,NaN,0,NaN,NaN,NaN,0,NaN,NaN,NaN,0,NaN,NaN,NaN,0,NaN,NaN,NaN,0,NaN,NaN,NaN,0,NaN,NaN,NaN,0,NaN,NaN,NaN,0,NaN,NaN,NaN,0,NaN,NaN,NaN,0,NaN,NaN,NaN,0,NaN,NaN,NaN,0,NaN,NaN,NaN,-1,735.7421875,42.7067578125,-3.917975,0,NaN,NaN,NaN,0,NaN,NaN,NaN,0,NaN,NaN,NaN,0,NaN,NaN,NaN,0,NaN,NaN,NaN,0,NaN,NaN,NaN,0,NaN,NaN,NaN,0,NaN,NaN,NaN,0,NaN,NaN,NaN,0,NaN,NaN,NaN,0,NaN,NaN,NaN,0,NaN,NaN,NaN,0,NaN,NaN,NaN,0,NaN,NaN,NaN,0,NaN,NaN,NaN,0,NaN,NaN,NaN,0,NaN,NaN,NaN
284393,738,00000000111111110000000000000000,42.786,42.734,0,NaN,NaN,NaN,0,NaN,NaN,NaN,0,NaN,NaN,NaN,0,NaN,NaN,NaN,0,NaN,NaN,NaN,0,NaN,NaN,NaN,0,NaN,NaN,NaN,0,NaN,NaN,NaN,0,NaN,NaN,NaN,0,NaN,NaN,NaN,0,NaN,NaN,NaN,0,NaN,NaN,NaN,0,NaN,NaN,NaN,0,NaN,NaN,NaN,0,NaN,NaN,NaN,-1,743.170068027,43.1778843537,-0.753415,0,NaN,NaN,NaN,0,NaN,NaN,NaN,0,NaN,NaN,NaN,0,NaN,NaN,NaN,0,NaN,NaN,NaN,0,NaN,NaN,NaN,0,NaN,NaN,NaN,0,NaN,NaN,NaN,0,NaN,NaN,NaN,0,NaN,NaN,NaN,0,NaN,NaN,NaN,0,NaN,NaN,NaN,0,NaN,NaN,NaN,0,NaN,NaN,NaN,0,NaN,NaN,NaN,0,NaN,NaN,NaN
284401,746,00000000111111100000000000000000,43.295,43.233,0,NaN,NaN,NaN,0,NaN,NaN,NaN,0,NaN,NaN,NaN,0,NaN,NaN,NaN,0,NaN,NaN,NaN,0,NaN,NaN,NaN,0,NaN,NaN,NaN,0,NaN,NaN,NaN,0,NaN,NaN,NaN,0,NaN,NaN,NaN,0,NaN,NaN,NaN,0,NaN,NaN,NaN,0,NaN,NaN,NaN,0,NaN,NaN,NaN,0,NaN,NaN,NaN,0,NaN,NaN,NaN,-1,750.28057554,43.630676259,2.411145,0,NaN,NaN,NaN,0,NaN,NaN,NaN,0,NaN,NaN,NaN,0,NaN,NaN,NaN,0,NaN,NaN,NaN,0,NaN,NaN,NaN,0,NaN,NaN,NaN,0,NaN,NaN,NaN,0,NaN,NaN,NaN,0,NaN,NaN,NaN,0,NaN,NaN,NaN,0,NaN,NaN,NaN,0,NaN,NaN,NaN,0,NaN,NaN,NaN,0,NaN,NaN,NaN
284408,753,00000000111111000000000000000000,43.74,43.733,0,NaN,NaN,NaN,0,NaN,NaN,NaN,0,NaN,NaN,NaN,0,NaN,NaN,NaN,0,NaN,NaN,NaN,0,NaN,NaN,NaN,0,NaN,NaN,NaN,0,NaN,NaN,NaN,0,NaN,NaN,NaN,0,NaN,NaN,NaN,0,NaN,NaN,NaN,0,NaN,NaN,NaN,0,NaN,NaN,NaN,0,NaN,NaN,NaN,0,NaN,NaN,NaN,0,NaN,NaN,NaN,0,NaN,NaN,NaN,-1,759.669421488,44.2291735537,5.575705,0,NaN,NaN,NaN,0,NaN,NaN,NaN,0,NaN,NaN,NaN,0,NaN,NaN,NaN,0,NaN,NaN,NaN,0,NaN,NaN,NaN,0,NaN,NaN,NaN,0,NaN,NaN,NaN,0,NaN,NaN,NaN,0,NaN,NaN,NaN,0,NaN,NaN,NaN,0,NaN,NaN,NaN,0,NaN,NaN,NaN,0,NaN,NaN,NaN
284416,761,00000000111110000000000000000000,44.25,44.233,0,NaN,NaN,NaN,0,NaN,NaN,NaN,0,NaN,NaN,NaN,0,NaN,NaN,NaN,0,NaN,NaN,NaN,0,NaN,NaN,NaN,0,NaN,NaN,NaN,0,NaN,NaN,NaN,0,NaN,NaN,NaN,0,NaN,NaN,NaN,0,NaN,NaN,NaN,0,NaN,NaN,NaN,0,NaN,NaN,NaN,0,NaN,NaN,NaN,0,NaN,NaN,NaN,0,NaN,NaN,NaN,0,NaN,NaN,NaN,0,NaN,NaN,NaN,-1,765.88125,44.6244,8.740265,0,NaN,NaN,NaN,0,NaN,NaN,NaN,0,NaN,NaN,NaN,0,NaN,NaN,NaN,0,NaN,NaN,NaN,0,NaN,NaN,NaN,0,NaN,NaN,NaN,0,NaN,NaN,NaN,0,NaN,NaN,NaN,0,NaN,NaN,NaN,0,NaN,NaN,NaN,0,NaN,NaN,NaN,0,NaN,NaN,NaN
284426,771,00000000111100000000000000000000,44.886,44.826,0,NaN,NaN,NaN,0,NaN,NaN,NaN,0,NaN,NaN,NaN,0,NaN,NaN,NaN,0,NaN,NaN,NaN,0,NaN,NaN,NaN,0,NaN,NaN,NaN,0,NaN,NaN,NaN,0,NaN,NaN,NaN,0,NaN,NaN,NaN,0,NaN,NaN,NaN,0,NaN,NaN,NaN,0,NaN,NaN,NaN,0,NaN,NaN,NaN,0,NaN,NaN,NaN,0,NaN,NaN,NaN,0,NaN,NaN,NaN,0,NaN,NaN,NaN,0,NaN,NaN,NaN,-1,773.732824427,45.1231679389,11.904825,0,NaN,NaN,NaN,0,NaN,NaN,NaN,0,NaN,NaN,NaN,0,NaN,NaN,NaN,0,NaN,NaN,NaN,0,NaN,NaN,NaN,0,NaN,NaN,NaN,0,NaN,NaN,NaN,0,NaN,NaN,NaN,0,NaN,NaN,NaN,0,NaN,NaN,NaN,0,NaN,NaN,NaN
284432,777,00000000111000000000000000000000,45.268,45.232,0,NaN,NaN,NaN,0,NaN,NaN,NaN,0,NaN,NaN,NaN,0,NaN,NaN,NaN,0,NaN,NaN,NaN,0,NaN,NaN,NaN,0,NaN,NaN,NaN,0,NaN,NaN,NaN,0,NaN,NaN,NaN,0,NaN,NaN,NaN,0,NaN,NaN,NaN,0,NaN,NaN,NaN,0,NaN,NaN,NaN,0,NaN,NaN,NaN,0,NaN,NaN,NaN,0,NaN,NaN,NaN,0,NaN,NaN,NaN,0,NaN,NaN,NaN,0,NaN,NaN,NaN,0,NaN,NaN,NaN,-1,782.94488189,45.7095275591,15.069385,0,NaN,NaN,NaN,0,NaN,NaN,NaN,0,NaN,NaN,NaN,0,NaN,NaN,NaN,0,NaN,NaN,NaN,0,NaN,NaN,NaN,0,NaN,NaN,NaN,0,NaN,NaN,NaN,0,NaN,NaN,NaN,0,NaN,NaN,NaN,0,NaN,NaN,NaN
284440,785,00000000110000000000000000000000,45.777,45.732,0,NaN,NaN,NaN,0,NaN,NaN,NaN,0,NaN,NaN,NaN,0,NaN,NaN,NaN,0,NaN,NaN,NaN,0,NaN,NaN,NaN,0,NaN,NaN,NaN,0,NaN,NaN,NaN,0,NaN,NaN,NaN,0,NaN,NaN,NaN,0,NaN,NaN,NaN,0,NaN,NaN,NaN,0,NaN,NaN,NaN,0,NaN,NaN,NaN,0,NaN,NaN,NaN,0,NaN,NaN,NaN,0,NaN,NaN,NaN,0,NaN,NaN,NaN,0,NaN,NaN,NaN,0,NaN,NaN,NaN,0,NaN,NaN,NaN,-1,790.888888889,46.2148888889,18.233945,0,NaN,NaN,NaN,0,NaN,NaN,NaN,0,NaN,NaN,NaN,0,NaN,NaN,NaN,0,NaN,NaN,NaN,0,NaN,NaN,NaN,0,NaN,NaN,NaN,0,NaN,NaN,NaN,0,NaN,NaN,NaN,0,NaN,NaN,NaN
284448,793,00000000100000000000000000000000,46.286,46.231,0,NaN,NaN,NaN,0,NaN,NaN,NaN,0,NaN,NaN,NaN,0,NaN,NaN,NaN,0,NaN,NaN,NaN,0,NaN,NaN,NaN,0,NaN,NaN,NaN,0,NaN,NaN,NaN,0,NaN,NaN,NaN,0,NaN,NaN,NaN,0,NaN,NaN,NaN,0,NaN,NaN,NaN,0,NaN,NaN,NaN,0,NaN,NaN,NaN,0,NaN,NaN,NaN,0,NaN,NaN,NaN,0,NaN,NaN,NaN,0,NaN,NaN,NaN,0,NaN,NaN,NaN,0,NaN,NaN,NaN,0,NaN,NaN,NaN,0,NaN,NaN,NaN,-1,797.642857143,46.6441428571,21.398505,0,NaN,NaN,NaN,0,NaN,NaN,NaN,0,NaN,NaN,NaN,0,NaN,NaN,NaN,0,NaN,NaN,NaN,0,NaN,NaN,NaN,0,NaN,NaN,NaN,0,NaN,NaN,NaN,0,NaN,NaN,NaN
284456,801,00000000000000000000000000000000,46.794,46.731,0,NaN,NaN,NaN,0,NaN,NaN,NaN,0,NaN,NaN,NaN,0,NaN,NaN,NaN,0,NaN,NaN,NaN,0,NaN,NaN,NaN,0,NaN,NaN,NaN,0,NaN,NaN,NaN,0,NaN,NaN,NaN,0,NaN,NaN,NaN,0,NaN,NaN,NaN,0,NaN,NaN,NaN,0,NaN,NaN,NaN,0,NaN,NaN,NaN,0,NaN,NaN,NaN,0,NaN,NaN,NaN,0,NaN,NaN,NaN,0,NaN,NaN,NaN,0,NaN,NaN,NaN,0,NaN,NaN,NaN,0,NaN,NaN,NaN,0,NaN,NaN,NaN,0,NaN,NaN,NaN,-1,806.661764706,47.2183529412,24.563065,0,NaN,NaN,NaN,0,NaN,NaN,NaN,0,NaN,NaN,NaN,0,NaN,NaN,NaN,0,NaN,NaN,NaN,0,NaN,NaN,NaN,0,NaN,NaN,NaN,0,NaN,NaN,NaN
284491,836,00000000111111111111111100000000,49.021,49.0,0,NaN,NaN,NaN,0,NaN,NaN,NaN,0,NaN,NaN,NaN,0,NaN,NaN,NaN,0,NaN,NaN,NaN,0,NaN,NaN,NaN,0,NaN,NaN,NaN,0,NaN,NaN,NaN,1,836.270462633,49.1023096085,-22.905335,1,834.346153846,48.9798076923,-19.740775,1,835.033755274,49.0231603376,-16.576215,1,833.363363363,48.9172552553,-13.411655,1,832.891666667,48.887175,-10.247095,1,835.3307393,49.0421673152,-7.082535,1,834.010033445,48.958632107,-3.917975,1,832.80078125,48.8814492187,-0.753415,1,835.445414847,49.0495065502,2.411145,1,836.231132075,49.0997924528,5.575705,1,835.907216495,49.0790618557,8.740265,1,834.316666667,48.97795,11.904825,1,835.834745763,49.0744237288,15.069385,1,833.70977918,48.9394258675,18.233945,1,833.51226158,48.9267847411,21.398505,1,833.336231884,48.9155188406,24.563065,0,NaN,NaN,NaN,0,NaN,NaN,NaN,0,NaN,NaN,NaN,0,NaN,NaN,NaN,0,NaN,NaN,NaN,0,NaN,NaN,NaN,0,NaN,NaN,NaN,0,NaN,NaN,NaN
284570,915,00000000000000000000000000000000,54.049,54.0,0,NaN,NaN,NaN,0,NaN,NaN,NaN,0,NaN,NaN,NaN,0,NaN,NaN,NaN,0,NaN,NaN,NaN,0,NaN,NaN,NaN,0,NaN,NaN,NaN,0,NaN,NaN,NaN,-1,919.836363636,54.4205272727,-22.905335,-1,919.816901408,54.4192816901,-19.740775,-1,920.7578125,54.4787421875,-16.576215,-1,921.0,54.494,-13.411655,-1,919.85,54.4214,-10.247095,-1,920.094890511,54.4369781022,-7.082535,-1,921.0,54.494,-3.917975,-1,920.7578125,54.4787421875,-0.753415,-1,918.635294118,54.3440235294,2.411145,-1,920.085526316,54.4363881579,5.575705,-1,921.0,54.494,8.740265,-1,920.81294964,54.4822158273,11.904825,-1,920.304878049,54.4502073171,15.069385,-1,920.984251969,54.493007874,18.233945,-1,920.68627451,54.4742352941,21.398505,-1,919.493589744,54.3985897436,24.563065,0,NaN,NaN,NaN,0,NaN,NaN,NaN,0,NaN,NaN,NaN,0,NaN,NaN,NaN,0,NaN,NaN,NaN,0,NaN,NaN,NaN,0,NaN,NaN,NaN,0,NaN,NaN,NaN
